Company Name,Job Title,Location,Job Posting Link,Date Applied,Salary,Receive Interview,Application Status,Follow-up Date,Referral / Contact Name,Notes,How Applied,Category,ATS Score,
Stryker,Bilingual Customer Service Agent,Hamilton,https://careers.stryker.com/bilingual-customer-service-agent/job/196E065C23236FE38032D76FAE3D0C49,17/10/2025,60 K,Yes,HR  + Hiring Manager, HR - Stephany done + Interview with Hiring Manager - caitlin.castillo@stryker.com,,,LinkedIn Application,,,
MT Talent Solutions,Bilingual Customer Service Representative,Mississauga,https://www.mttalent.ca/job-details/bilingual-customer-service-representative-in-call-centre-customer-service-jobs-1324168,16/10/2025,,No,,,,,LinkedIn Application,,,
Ranstad,Senior Project Manager,,https://www.randstad.ca/jobs/senior-project-managerleader_toronto_45953751/,,,No,,,,,LinkedIn Application,,,
RedBranch Executive Search & Recruitment ,Project Manager,,,20/10/2025,100 -130K,No,,,,,LinkedIn Application,,,
Omers,Project Manager,,https://careers.omers.com/ca/en/job/JR-7599/Project-Manager-Project-Delivery---Platform-Engineering-AI-and-Advanced-Analytics?src=Linkedin,21/10/2025,,No,,,,,LinkedIn Application,,,
Scene,Project Manager,Toronto,https://www.linkedin.com/jobs/view/4318568632/?refId=ae2570ea-22c7-49ae-8925-ea16b88d9c4e&trackingId=HvD9dVeTQG%2BpHJeD9aeJCw%3D%3D,28/10/2025,90 K,No,,,,,LinkedIn Application,,,
Canadian Tire,Program Delivery Manager,Toronto,Ruby - Recruiter - email,28/10/2025,,Yes,,,,,Recruiter ,,,
Critical Mass,Senior Project Manager,Toronto,https://www.linkedin.com/jobs/search/?alertAction=viewjobs&currentJobId=4332341254&distance=25&f_TPR=a1761590951-&geoId=100761630&keywords=digital%20project%20manager&origin=JOB_ALERT_IN_APP_NOTIFICATION&originToLandingJobPostings=4319243037%2C4332341254%2C4332382706%2C4318082772%2C4319313696%2C4319154996&savedSearchId=1675100344&sortBy=R,28/10/2025,,No,,,,,LinkedIn Application,,,
Publicis Health,Project Manager,Toronto,https://www.linkedin.com/jobs/search/?alertAction=viewjobs&currentJobId=4306621347&distance=25&f_TPR=a1761624534-&f_WT=1%2C3&geoId=100761630&keywords=Project%20Manager&origin=JOB_ALERT_IN_APP_NOTIFICATION&originToLandingJobPostings=4319491661%2C4310041742%2C4319502128%2C4332416093%2C4332341254%2C4319562001&savedSearchId=15009161156&sortBy=R,29/10/2025,,No,,,,,LinkedIn Application,,,
Rare Days,Senior Project Manager,"Vancouver, BC, Canada .",https://www.linkedin.com/jobs/collections/recommended/?currentJobId=4319537847&originToLandingJobPostings=4319537847%2C4333081313%2C4332940239%2C4318574755%2C4319563294,,,Yes,HR,Interview with Jennifer,,1 HR/BD,LinkedIn Application,,,
Sapiens,Delivery Manager,Toronto ( Remote),https://www.linkedin.com/jobs/search/?alertAction=viewjobs&currentJobId=4337476595&distance=25&f_TPR=a1762203237-&f_WT=2&geoId=105149290&keywords=Project%20Manager&origin=JOB_ALERT_IN_APP_NOTIFICATION&originToLandingJobPostings=4333919085&savedSearchId=15009161148&sortBy=R,04/11/2025,,No,,,,,LinkedIn Application,,,
Clio,Senior Project Manager,Toronto,https://www.linkedin.com/jobs/search/?currentJobId=4320496640&distance=25&f_TPR=a1762148712-&f_WT=1%2C3&geoId=100761630&keywords=Project%20Manager&origin=JOB_ALERT_EMAIL&originToLandingJobPostings=4308603558%2C4320471580%2C4320385906%2C4331817776%2C4319710108%2C4333898887&sortBy=R&trk=eml-email_job_alert_digest_01-primary_job_list-0-see_all_jobs_button_15009161156,05/11/2025,,No,,,,,LinkedIn Application,,,
Helic & Co,Project Manager,Canada,https://www.linkedin.com/jobs/view/4334048195/?trackingId=5KlG8NLcAG0aQ88jceD1fg%3D%3D&refId=wJJ5EWVwHN4A6qhC4JuLlg%3D%3D&midToken=AQH8DxBJnGJ9gw&midSig=0Mia8UOiR7cc01&trk=eml-email_job_alert_digest_01-primary_job_list-0-jobcard_body_15009161148&trkEmail=eml-email_job_alert_digest_01-primary_job_list-0-jobcard_body_15009161148-null-19ddgc~mhm0v3tw~nr-null-null&eid=19ddgc-mhm0v3tw-nr&otpToken=MTUwMzFjZTAxNDI4YzFjMGJlMmYwMmVjNDQxZGUzYmQ4ZGNjZDY0OTlmYTg4NTY5NzBjMDA0NmY0ODU5NTRmMGZjYmY5M2I2NGFkMmVmODg1Y2RmYjBmNGUzNjUwNzkwMWUzMTA2NmFiNjk2NmE1MWJlLDEsMQ%3D%3D,05/11/2025,,No,,,,,LinkedIn Application,,,
Genesys,Senior Project Manager,Toronto,https://www.linkedin.com/jobs/view/4317498631/?refId=5b60a421-388d-4095-b2d7-c68cf1d5d69e&trackingId=lq3TamO6TtiIQ7GJ2bToDA%3D%3D,,"Genesys Cloud, the AI-powered Experience Orchestration platform, organizations can accelerate growth by delivering empathetic, personalized experiences at scale to drive customer loyalty, workforce engagement, efficiency and operational improvements.",No,,,,"We have reviewed your background, and although your skills and experiences are impressive, we have decided to move forward with other applicants whose qualifications more closely meet our current needs for this role.",LinkedIn Application,Loyalty,,
Cossette,Project Manager,Toronto,https://pluscompany.talentpoolbuilder.com/Project%2520Manager/252910,06/11/2025,,No,,,,,LinkedIn Application,,,
Monks,Senior Project Manager,,,10/11/2025,"Salary Range$70,000—$85,000 CAD",No,,,,,LinkedIn Application,,,
Torinit,Project Manager,,https://www.linkedin.com/jobs/search/?alertAction=viewjobs&currentJobId=4321745188&distance=25&f_TPR=a1762729292-&geoId=101174742&keywords=program%20manager&origin=JOB_ALERT_IN_APP_NOTIFICATION&originToLandingJobPostings=4335152364%2C4321745188%2C4321756580%2C4335123079%2C4335004592%2C4321626060&savedSearchId=1738446733&sortBy=R,11/11/2025,,No,,,,,LinkedIn Application,,,
Boston Scientific,Associate PM,,,,"$66500  - 131,800",No,,,,,LinkedIn Application,,,
Toyota,Project Manager,Scarborough,"glassdoor.ca/job-listing/project-manager-toyota-JV_IC2281799_KO0,15_KE16,22.htm?jl=1009935438330&utm_source=jobalert&utm_medium=email&utm_content=ja-jobpos4-1009935438330&utm_campaign=jobAlertAlert&tgt=GD_JOB_VIEW&src=GD_JOB_AD&uido=6B8754E2C0BE352416D52324D0E19531&ao=1136043&jrtk=5-yul1-0-1j9sj41agia6g800-3a3b69d8dd782519&cs=1_1d66225c&s=224&t=JA&pos=104&ja=248532503&guid=0000019a792d5ac7997e6abecf0d9ee3&jobListingId=1009935438330&vt=e&cb=1762969912873&ctt=1763093446754&srs=EMAIL_JOB_ALERT&gdir=1",15/11/2025,,No,,,,,Glassdoor,,,
Accenture,AI Technical Product Manager,,https://www.linkedin.com/jobs/view/4322854295/?trk=eml-email_job_alert_digest_01-primary_job_list-0-jobcard_body_1675100344&refId=r3DmK4u2bDhtahLt0Y7FhA%3D%3D&trackingId=8U6f%2B%2BylafYECow%2BtWDQ4A%3D%3D,17/11/2025,,No,,,,,LinkedIn Application,,,
Verathon,Program Manager III,BC,https://intl-careers-verathon.icims.com/jobs/1637/program-manager-iii/job?mode=submit_apply,17/11/2025,"$93,040 - $133,888  ",No,,,,,LinkedIn Application,,,
Switchboard,Technical Project Manager,Remote,https://www.withswitchboard.com/careers/technical-project-manager,18/11/2025,,No,,,,,LinkedIn Application,,,
CarFax,Project Manager,"London, ON",https://jobs.jobvite.com/carfax/job/oXSwyfwD?nl=1&fr=true,18/11/2025,110 - 115K,Yes,HR,,,,Indeed,,,
Bilingual Source,Relationship Collector – Bilingual,Pickering,https://bilingualsource.com/jobs/bilingual-collector-15890/,18/11/2026,"CA$66,000 - CA$72,000",No,,,,,Bilingual Source,,,
Bilingual Source,Bilingual CSR and Admin Support,Etobicoke,https://bilingualsource.com/jobs/bilingual-customer-service-and-admin-support-rep-french-english-15904/?matador-apply=complete,,"CA$40,000 - CA$45,000",No,,,,,Bilingual Source,,,
OpTrust,Project Leader,Toronto,https://ca.indeed.com/viewjob?jk=b907871eb929db74&q=project+manager&l=Greater+Toronto+Area%2C+ON&tk=1jad84oseg9vg800&from=ja&alid=68f91d99d479c11dce0e2b68&g1tAS=true&xpse=SoCn67I3qPQZGRxMwJ0LbzkdCdPP&xfps=d49e143d-941d-4a6a-b09e-e8096d609298&utm_campaign=job_alerts&utm_medium=email&utm_source=jobseeker_emails&rgtk=1jad84oseg9vg800&xkcb=SoAB67M3qNYctvU_Wh0JbzkdCdPP,22/11/2025,,No,,,,,Indeed,,,
Sportlogiq,Technical Program Manager,Canada,https://www.linkedin.com/jobs/collections/recommended/?currentJobId=4311524936,22/11/2025,,No,,,,,LinkedIn Application,,,
Bioscript Solution,Program Manager,,,,,No,,,,,LinkedIn Application,,,
Appnovation,Senior Project Manager,,,,,No,,,,,LinkedIn Application,,,
Boston Scientific,R&D Project Manager ,,,,,No,,,,,LinkedIn Application,,,
Bond ,Senior Project Manager,,,,,No,,,,,LinkedIn Application,,,
Zapcom,Project Manager,,,,,No,,,,,LinkedIn Application,,,
Clutch,Project Manager,Mississauga,https://job-boards.greenhouse.io/clutch/jobs/5725110004?gh_src=ca458a634us,02/12/2025,,No,,,,,LinkedIn Application,,,
whiteCap,Software Development Project Manager,North York,https://www.linkedin.com/jobs/collections/recommended/?currentJobId=4325239626&originToLandingJobPostings=4325429033%2C4325239626%2C4325259016%2C4325287778%2C4340793650,03/12/2025,,Yes,HR,,,,LinkedIn Application,,,
Bits In Glass,Delivery Manager,Canada ( remote),https://www.linkedin.com/jobs/collections/recommended/?currentJobId=4340793650&originToLandingJobPostings=4325429033%2C4325239626%2C4325259016%2C4325287778%2C4340793650,03/12/2025,,No,,,,,LinkedIn Application,,,
Ranstad,Intermediate Project Manager/Leader,Toronto,,03/12/2025,,No,,,,,LinkedIn Application,,,
Konrad,Project Manager,Toronto,https://www.linkedin.com/jobs/search/?alertAction=viewjobs&currentJobId=4348022505&distance=25&f_TPR=a1764702081-&geoId=100761630&keywords=digital%20project%20manager&origin=JOB_ALERT_IN_APP_NOTIFICATION&originToLandingJobPostings=4348022505%2C4341232800%2C4341263491%2C4337446721%2C4325287778%2C4325248662&savedSearchId=1675100344&sortBy=R,03/12/2025,,No,,,,,LinkedIn Application,,,
Nuclear Promise X,Sr Digital  Project Manager,Toronto,,03/12/2026,,No,,,,,LinkedIn Application,,,
Klick Health,Sr Digital Project Manager,Toronto,https://www.linkedin.com/jobs/search-results/?currentJobId=4325787546&keywords=klick%20health&origin=SEMANTIC_SEARCH_LANDING_PAGE,08/12/2025,,No,,,,,LinkedIn Application,,,
Loblaws Digital,Technical Program Manager,Toronto,https://www.linkedin.com/jobs/search-results/?currentJobId=4336244575&eBP=CwEAAAGbC4MITHNHxqZDxRH3CejSu04P0Z0mBjdRF9wVrl00K-6tNdq1vLo1_0d8XYteYuAYRRDK7HVaML0-ocZ9VrOXsgnM1kIIMXJ2wSAeaRUZMdUaLhg8FT-4PRdNvyN7XngKFcK1A-HjERjbSEJkX8adqLTSQ6XMANsHYYLtIfGTb6xRB-bQEfgckEDOHHZaQBQZTrX8T22xRWDnwLY7RW0X9Rqp59-TCemO2e4IYGSMdKZi2hXL2HNFz0_uNjbPRzyDDRe1B0YBrDoQLZhcJFS67Tn1pPEhNSkUMA_ZZUj-SeOiEIJw_jJs4_9E7TD8kA-Rm8k4_pbyKPUWZllFxM9JSgNS2SOPFV4VUH2fi8TXh5DvzCC0Kmykgjr3BhTnjQ7AtrJW4zr3d3dZTg3W3nV1oWgmlAEXPtYWRp4JIwRX1yvyklRoCwspSQJbpD2jQ15wyBPZ5KwmETg5wdz6IVLNDs1K9LgAgKB2cfCUktgkxxNMp3DP1QImX1dBvw&refId=pm5DUD8GYc4KMxCpkJTuTQ%3D%3D&trackingId=H%2B%2BQC1UQBnSZml7HzPjbGg%3D%3D&keywords=Loblaws&origin=JOB_SEARCH_PAGE_JOB_FILTER&referralSearchId=qePpukQePwbYVCuMEggMSQ%3D%3D&f_C=9450129,,80 - 110K,No,,,,,LinkedIn Application,,,
Mastercard,Lead Technical Program Manager,Toronto,https://www.linkedin.com/jobs/search-results/?currentJobId=4349760724&eBP=CwEAAAGbFa6gDXxr8JWbNHbuJv0vlfx0F9Mj_HN5yfXBhhdi--LrQtxWXRbfmBq8xIBzyGYoUJ7kWiFqsPiS7h1hjYfEKvsCeLEZruh8ZG6P9dtI_NsUqbMmiCnTyAkBcAGyLOAP0ZrBZJMOWPmfc8Dua6cSmL0CMb17hjN9Z1P83Q84eCrW5twZXfR_Dcss3W_6o_5D3dp7gbkklEGIrojt28ZulS9p9SMFo3uHDAKKdby_HWd2ONaAzLyezbxRZ5-rlpdGbXQSksF5o23DQ63OJavSHnpqa4EV8PHAHT0ofCSZ4cJt_hw1pbcj243DTcfFj6NjYwWMU5RABNJG-ga3RaaFTMrUjfYe0v4brTRBrni6tTUEDAKAFw_iNfNZ_KJvIcsgqXLpLHs3ObvJnci-eEovMO8yqu3-mN1_42TQ1yrI8uXBMZlKwE1BZmMlYH4jOlOF7XYlBBCDUdRT7fBAhPGNj4Xm0t89twsCE-dFXEUZnH8J_3FLki4fjAec7Lgd&refId=NqPNlaA8yXPa6UfR%2F6UlFA%3D%3D&trackingId=Q6Ukz5bJE55XhIhbTLGMUQ%3D%3D&keywords=mastercard&origin=JOBS_HOME_SEARCH_BUTTON,12/12/2025,,Yes,,,,,LinkedIn Application,,,
Real Chemistry,AI Program Manager,,https://www.linkedin.com/jobs/collections/recommended/?currentJobId=4343425180,,,No,,,,,LinkedIn Application,,,
IPSG Technology,Senior Bilingual PM,Remote,https://ca.indeed.com/viewjob?jk=e1ef62df06f8c082&tk=1jcer82nu2076001&from=jobi2a&advn=5104088692386032&adid=454715338&ad=-6NYlbfkN0DfoveUP7STM3ywrW5Z_mx81xshTHHBVI-6rnFyI1pxeSnLIotEc32urch8ipMSU0FgCQgNdm1BV0Vhj3Sze8lVi5r7KVeBF5QwOpitYlVeHp_OP3fLsyLgCosyhvOUwYcVM0vmNtKytpVDIlferbwiHZOzWPSh84o81uYEuv6P5FdRQqnUubaHnKmQHGFCiK2kz6Ktr2RPBlw2uO3BGDy-Ow00YYqxhSwImSk2LiC5djuruwVJfylTwklVvZnPsw6_lybE7t7Z5HxypJRREQr4mXATGNv7lxB2sNLS-OIo4tr8myxXHZYnnMhdIRXOUl_1NYOyizc8kP7E58ayfexVaDuF_k54L0mWqsvJhL-ISCOYeRts25yLSX0sK8CzKYRx349hL3Ctsuu-xnwknpe5VDTjnpSqwfJfCQ1XLK9SFf5_IEC4v7LmXQ17iQ_aQWed0XJjwi3oaHM1l8N5e146OnaihAd_o_m4IAO4VSEDV4QjfZ1pBL792rr5f38SHyaRCy0IEd9KsiLBK27aq2wjSHz0PRvcU4ptdkkZpp1s6d8rfLCyK7rH9wYyfICzh9bbklH31Oll-GyIlrcTHX2uPO7TmVfl5Pfv5_c9g4mN3W6YshEk3sxn&pub=21d85ca573e478f5e659e48885c828920cace3277f6b99df&i2af=jobi2a_jobmatch-en-CA_email&camk=UoKtGZLa3XKdG0Yht2jKEA%3D%3D&jrtk=5-cmh1-1-1jcer81vvhd3m808-e1ef62df06f8c082&xkcb=SoA06_M3pO-umxb1Vp0IbzkdCdPP&xpse=SoBp6_I3pPtZ7KSTyJ0IbzkdCdPP&xfps=01bdf425-5f0c-46e7-a4ff-495c1b6ea2f4,,"$90,369.31–$100,000.00",No,,,,,Indeed,,,
VersaFile ,Project Manager,Vancouver / Remote,https://versafile1.bamboohr.com/careers/124,31-Dec,,No,,,,,LinkedIn Application,,,
AMD,Technical Program Manager,Vancouver,https://www.linkedin.com/jobs/search/?alertAction=viewjobs&currentJobId=4344751420&distance=25&f_TPR=a1766011643-&geoId=101174742&keywords=program%20manager&origin=JOB_ALERT_IN_APP_NOTIFICATION&originToLandingJobPostings=4327905459%2C4314861957%2C4334678171%2C4344396731%2C4344579613%2C4324920707&savedSearchId=1738446733&sortBy=R,,,No,,,,No Interview -Technical Program Manager and the time you invested in applying for the opening. We regret to inform you that you were not selected for further consideration.,LinkedIn Application,,,
Ranstad,Order Management Representative / Project Coordinator - Etobicoke,Etobicoke - Contact - 6 months,https://ca.indeed.com/viewjob?jk=f497fb2f668127c7&tk=1jd058c2lh2bu801&from=jobi2a&advn=6742250592039354&adid=147267607&ad=-6NYlbfkN0DL1mgBEyOWwKTdt-fflRYWJGo3trZEDUBRi3gbejz7bX8A8V5xYxIgEK7VzIooFISBD_MsReT2UC4BQJbYu97T654ruUzvoKGHYTIfoWef4qz2nPaM5izfsJumeHBc6EKueJEFOSy-mMccBIcyp2oZ91LiYQnlhZ1ks1SgkhGSaMffCgLUrC2dsr8on4QAQVQdpTW65e3dfcRroy2cilwgdiGLm3ivAWsJ4OCxePNSpPjClG4zewAocN25avu7bPMDbWe3t2clFkynqa9AyBC-0Rqxg9WO3CL-DTiEwg7wpHqE6SevGDYMqmksz5UUWZq_QPOE_qFuy5pp8MlRCsdnONTeqZ_wsdlLkKFv_e7pcOgXchJfVyCTMVCFhQaDhLK-tWcOdmutcZQoCc-X133abB7AzGErEvg_Vh6casrrphcUpaSMh8ibEDFfi1wxJIfmWPGuw97Cz7h-OthIMYFaz5nsSk6zJgUJ_kILackImDPB0WJJcl9CFU4nUclMsEI1GLfsbFySS2UGFLVzgiOMa8Ew3NJ9UsbAlM6mjWuM0ToaOG5v9rY1YuTZDmEeqxBBG8j-Bfojz0hbrAIhXbaFFmiUsj54WF5_OepumDTphQ%3D%3D&sjdu=hHs8upk6_hte8gTEDu1nfdUiL4s7tK4v7lbXvQtppJdFM2BVwssAe4BVPdLd1LnmHet0jfvB7iMU16gvmLg1uPlYQatMyCy2RG6fJ3V3UwejKgBwqjzG1sYgivXWre0DucBUjYdw7_fJUtrasAnMWo3EL-OH2Cai_i9ybBgJ-AsWcJ7zFuBkkh8kPihnKBHCY1gvwKGdODJEzZp3hATGYlAd6QVUh4GJj-PlaG3XiQ6Iajw7wHzxEiT2nIJXarkseK8u1agY4qG8fUPyBPj9Ig&acatk=1jd1bp68fl50l802&pub=21d85ca573e478f5e659e48885c828920cace3277f6b99df&i2af=jobi2a_multijob-en-CA_email&camk=saFI6hv5keMYCoW1rzWCrg%3D%3D&jrtk=5-cmh1-1-1jd058b9okh7e805-f497fb2f668127c7&xkcb=SoDN6_M3pgCuU80zrh0DbzkdCdPP&xpse=SoCl6_I3phfrEy3fsB0PbzkdCdPP&xfps=0af3afb9-df41-4f7f-9848-31284f4a7021,21/12/2025,,No,,,,,Indeed,,,
RBCX,Delivery Manager,,https://www.linkedin.com/jobs/search/?alertAction=viewjobs&currentJobId=4318144403&distance=25&f_TPR=a1766269418-&geoId=101174742&keywords=program%20manager&origin=JOB_ALERT_IN_APP_NOTIFICATION&originToLandingJobPostings=4318144403%2C4338155125%2C4305781596%2C4332309574%2C4296181202%2C4328492921&savedSearchId=1738446733&sortBy=R,,,No,,,,,LinkedIn Application,,,
BDO,Project Manager,,https://www.linkedin.com/jobs/collections/similar-jobs/?currentJobId=4345888502&originToLandingJobPostings=4329051992&referenceJobId=4345879366,25/12/2025,30/12/2025,Yes,HR,,,"Unfortunately at this time, we will not be moving forward with you to the next stage of the hiring process. We had a strong response to the role and deciding whom to move forward with was a difficult decision.",LinkedIn Application,,,
Dialogue,Project Manager,,,26/12/2025,,No,,,,,LinkedIn Application,,,
EPAM,Project Manager,,https://www.glassdoor.ca/Job/index.htm?utm_source=jobsForYou&utm_medium=email&utm_content=jobs-for-you-jobsForYou-jobpos1-age30d-1009914637026&utm_campaign=jobsForYou&src=GD_JOB_AD&uido=6B8754E2C0BE352416D52324D0E19531&ao=1110586&jrtk=5-yul1-1-1jdq5vkfvl6i9801-96d919e59392e715---6NYlbfkN0At4_yWz_5FNKvQkuXniNr5epOW55TQRxhZSczuckbjdAg6Qo6jLoKpUOtUdTgo3cJmp0nBdEAYTH7l4V6rXNr_oViu3zr7MOubpIn9ZipV1P_4Azwx9f0jt6Q_GJ5qmKQcXldiRj76csh068b43f2egY0ubSd1eRB62VCP2yvasFD_U1zcNQausZyMUm-BsJ7U0jAoCD-DfHkSqx3Feap4FQTyuyQmJU4B1SoOt9yRBI06d0MYlkqyGPgiFmqS_dbmOPXPArFfgx0HWmz10yjYyIRxDagPlZFdLY_QDCi41YpqMnhCG7usL2e831GVofOAfDHAvVdQ4xAEWp7OTJAm3jO_ka9mLx-Gl4-d2S3f220QJVM5asr_stBUUngHOSfAj1MekLQSA-SEHg4UmyA2g9-58AFiQOfprcj-DqBAtnY9eq_iNPt06X0nKR96-ywfWlQIlHvUy4Ilfe8_SER0mFzIeAxBs42WDceZe4HL_JGoQWyQkJVj6ziLA_Wjz3zZ_EG-0WKNg_MxBARD-fKccdmAs1pMgJvpvjKhzSV61xvkVJyvqR_j45EYaFyOGoqvsIZ5SxGuzJVoelnVaco-L0M4n7MkJ5DrcFzwrQ4ZYtWYhQTEZ1Ytq-oFx47XnxP9AJPmjUgpTdqtrx_2n1wXfRXwFPf9VIfuVSyCFlzq3gMEBBv7HBGlCo68sJGj0W0ullXs62D-7pwrkjyAsTNcNJ5K8cLHcByfvxZ4RWqCsfBkagMqPTfqHMA4neK73OaAq_Ulln_XxFs9Z5ZAuPABnrVifuLujCMeUF7bBjNgvx3ck4s8MBDAAKiVLzchMLLl_KyKfw4I6Y_ksxT99kobR-pRI_e6tpOm1KsXn2xJz2hg013_AoWsFridpKq6GKCQsnHqUBBVqS26kKTOrSRUMqQa_74HuxwR9VgJ-8DjYEqHRMCAHtWngZgfk7tQKim5XCHRyxAp_4Pu25pzySTKKM-bTJ7QAnj4zmt7sMMfzw%3D%3D&cs=1_1fb920b8&s=362&t=REC_JOBS&pos=101&cpc=FD1C1DA32C38CFA7&guid=0000019b6cd59f90b93128f3747d783a&jobListingId=1009914637026&rdforyou=true&vt=e&cb=1767183995848&gdir=1,,,No,,,,,Glassdoor,,,
Randem networks,Project Manager,,https://ca.indeed.com/viewjob?jk=0c2d303c7bf58d3f&tk=1jdnvn151jeme801&from=jobi2a&advn=9435900562428091&adid=455115353&ad=-6NYlbfkN0BJHcuIEhaP9uY8uc9MfaJIj-g1YTIu3GwNZ0jlDcJwXsIcprXnjqlSrv7tQfcRISQ4MOaD_rnTGP0twEVp1b3uSNy72OuF1jeWp8-H-wo0UYun2n3wsbOq2gJQBVhAFzPX-blc2JZAJSdq2jRC6po_0qmKZYXNqKi7Owvlks7ke9sh39pu3YEbIQj0gB8P4-PfgaHYmjiQGI2mjfmlVpmhhbFulsDnqQzxBUaw9-mEH8tlNndK5GWtKLzxMf9Ja3PD2y14o8X8TCeGUqqwhnP3b7ZSjs28feuBOZcxyVX3ms44lvGQAblmm0Vxo_7IeVujetZLQpFsLP6uKhixlexq2hpsRGA1BG6en3jkFnrcOHb-fgCo56-W_ijzC_qgKlHey_ekXSR2U6TVt5pdlS3-bslQC14kODDxRXHD8OgwdlJ-C12jvX15kFcMTygsC_gbfhycea9dZyeS9aqR64SGzaDfpZQv8ugBONe8_c2kuFP9ioJCRIyaym6DaLYNxsFOd0rlL5nWJBm7gJUug8fp4DfW6hm6KfwgW9W2oxt2p-DHRdrNkZq9-_Tzpj99MLEWd1ZADc6rCE6X5SaGUj1VCdSMGgnJ_uOQq37rTDigeQ%3D%3D&pub=21d85ca573e478f5e659e48885c828920cace3277f6b99df&i2af=jobi2a_multijob-en-CA_email&camk=UoKtGZLa3XIWReLDEIVkYA%3D%3D&jrtk=5-cmh1-1-1jdnvn07m218q004-0c2d303c7bf58d3f&xkcb=SoD26_M3p33T8ZUCDJ0LbzkdCdPP&xpse=SoCJ6_I3p7nbGJzb2J0PbzkdCdPP&xfps=7a468b91-b708-4385-bd90-fce408a57fd2,,,No,,,,,Indeed,,,
Toronto Community Housing,"Project Control Officer, Information Technology Services",,https://www.glassdoor.ca/Job/jobs.htm?sc.occupationParam=Project+Control+Officer%2C+Information+Technology+Services&sc.locationSeoString=toronto&locId=2281069&locT=C&uvk=acbhbAc:1QI5tO36fF7InxOhNCLIpw&utm_medium=email&utm_source=jobsForYou&utm_campaign=jobsForYou&utm_content=jobs-for-you-jobsForYou-moreJobs&utm_term=jfytspvar2,01/07/2026,,No,,,,,Glassdoor,,,
Inorbital,Project Manager,,https://ca.indeed.com/viewjob?jk=fafa12c7be9629c9&tk=1jed1snsbiovk801&from=jobi2a&advn=4576313736783985&adid=455494754&ad=-6NYlbfkN0Dt4hLR1VYJGXabrQ5RTaFg1djtWz1acunBLJNnBCnxU1GcC2qkaSxUI3RJaXna_jmBsKKw9rIBL7yjMW_QZYa09vDXQib4T1pO4qr9WrjU4IW02rqqwY4877lL5DDq_lMfBRmqJUL8A7gdw744BcUwFOq3Otfg7jcz8a2V9hQhYcvKpfWgBwvM2BnrIJqUQl0xLblbBeQEZtbWOv20HBWoGuaQNDuUXomCV6UjR3jyq8OF0ngTEUS0Y2UoC1jge9_KUFZmoTxTRuy6kivaAkd9e6uT_zEGxZYiKiTyqx38HxdtshX7QW9v8sgLi_vOIDKL6ySL7wCofljPhovmesv6vEveWfyGgRJPbwy1mkx_LjAP9EgyFP00zAYJXduZto3X6F22kvnJFrQcGf_8zPLuyJemrckNO3fPpwZDumf8wlifNWhb4v2BVzBJNlPhujnDHcM3TB0zbJDNEgcq-zq80t7J7malzI-KmpmIyTvxL0IFXG4AP8pKrdvwk8yc5vAbxvxZvpZHFN-mm1Njl_dhIXpGgwrN7xMqntsTc4XBmGABDE9IZAhH&pub=21d85ca573e478f5e659e48885c828920cace3277f6b99df&i2af=jobi2a_jobsourcer-en-CA_email&camk=UoKtGZLa3XJe1acv-T75jQ%3D%3D&xkcb=SoCZ6_M3oNL8VcWn5h0LbzkdCdPP&xpse=SoDY6_I3oNX5wyTbqJ0PbzkdCdPP&xfps=61330d6b-c58b-4008-9b39-d138e7c052cf,01/07/2028,"$75,000–$95,000 a year - Temporary, Fixed term contract",No,,,,,Indeed,,,
"Acquird.io · Toronto, ON (Hybrid)",Technical Project Manager,,,,"$110,000–$140,000 CAD base salary",No,,,,,LinkedIn Application,,,
FlexStaf,Project Manager,,https://www.glassdoor.ca/Job/index.htm?utm_source=jobsForYou&utm_medium=email&utm_term=jfytspvar2&utm_content=jobs-for-you-jobsForYou-jobpos1-age6d-1009987599275&utm_campaign=jobsForYou&src=GD_JOB_AD&uido=6B8754E2C0BE352416D52324D0E19531&ao=1110586&jrtk=5-yul1-1-1jeojviodjn0o801-810c7e3caa91b009---6NYlbfkN0DWGNxgyuVUJzQRoKK78fi0rS_BwPLwQXNkG7IHxYWBY8J1qk0-5f-cWeNkElRbvJURBV6unicNvF5uK2FHtLb0KPZQQHKcArFrVXl9MGp7jal5v8bWwXMDRBfrjYWkrMxOnUc7yHOJTiSIw34ZxJPspH3gzIFnVxNFFVinzmLjAvmK39aahBsIAzQZfWIrdD_J_2MBSTAwwAchtrr6gDy4dihUJ-0ckophSB5_BFPGB-VVFasovBV3IjeSDODroGyxVJJp-BBYTLP7jx1j8dxxV5gJj3Ef7DHlU9abce9EqMJcCfINy8qK6132BYE_mU9MJBC9Ynfls1CnCoXZM-gjMAvZLsXpADvHCL8-mNxjk8nqqzp3PdbHl6Gc5gZLCaubcPqC4J2vZ3mz6jiACUcLNmkiiKkH3vZ6PJOnXFHosfRA_11hn1ore0aMORbVDwybpHymO-WuQpSpYF8RmoEDuWckLzrggX3PcSglYd3_bJ28kwFO2sHWW4p72ynHAcXKtJM3BCGeZMpoYj5p_YanSD3ThzZ_bxtffnPNX3c1GTobjoEE5NsW1N3WGWx_sctk53ZUNAyhbQbSWtnRErrCz8ZTwZhTwslKQkbJI-I5_9aUnKU6WxcurDx3wpxcy4e-9nw8XVb84nafPsT2aJJ_pPtqnVsiAKBv7ixU2jhVSRbjeN8Hs7punASJtWbA4_bM5H12qivCaw%3D%3D&cs=1_94f934fc&s=362&t=REC_JOBS&pos=101&cpc=654405A9B1E0A9F5&guid=0000019baab06e8099998accbba3244e&jobListingId=1009987599275&ea=1&rdforyou=true&vt=e&cb=1768205306979&gdir=1,,48 K - 100K,No,,,,,Glassdoor,,,
Red nucleus,Senior Project Manager ,,https://www.linkedin.com/jobs/view/4310178268/?trackingId=tXu7MMpJwMxF9KISJC3L8g%3D%3D&refId=k2V179cIl%2BX8ubYElCUSTg%3D%3D&midToken=AQH8DxBJnGJ9gw&midSig=12KwGfpcDQEY41&trk=eml-email_job_alert_digest_01-primary_job_list-0-jobcard_body_15009161156&trkEmail=eml-email_job_alert_digest_01-primary_job_list-0-jobcard_body_15009161156-null-19ddgc~mk8g7n14~fx-null-null&eid=19ddgc-mk8g7n14-fx&otpToken=MTUwMzFjZTAxNDI4YzFjMGJlMmYwMmVjNGUxZWUyYmM4ZGNmZDY0ODkxYWI4NTY5NzBjMDA0NmY0ODU5NTRmMGZjOTFhMjk2NGRjZGNhZDQ3ZmM4YjMwM2ZmYzkxZTQ4ZmQxYmQ4OGYyMWYzOTVkYzg2LDEsMQ%3D%3D,14/01/2026,,No,,,,,LinkedIn Application,,,
Klick Health,Senior Project Manager,,https://www.linkedin.com/jobs/view/4344981961/?refId=FV0W8hC1TRnQ3BLzbGMomw%3D%3D&trackingId=a3GgYIJB9xeaXSPboKHSig%3D%3D,14/01/2026,,No,,,,,LinkedIn Application,,,
Havas CX,Senior Project Manager,,https://www.linkedin.com/jobs/view/4343606873/?refId=R2rNQQKdG5tZX2TYhSWW4A%3D%3D&trackingId=1kGpKfPsSC2WjYkEyHWcmw%3D%3D,15/01/2026,"CAD $100,000 to $125,000, ",No,,,,,LinkedIn Application,,,
RELQ TECHNOLOGIES,IT Agile Project Manager,,,,"CAD $90,000 - $110,000",No,,,,,LinkedIn Application,,,
GeoSpectrum Technologies Inc.,Technical Program Manager,,https://www.linkedin.com/jobs/view/4364012286/?refId=c328353e-f4b1-4b64-8a70-02374abb0bdd&trackingId=H3dy3o9TQsuMFVslQV0fcw%3D%3D,21/01/2026,,No,,,,,LinkedIn Application,,,
Ranstad,Remote French Bilingual Customer Service Representative Rewards Program,Edmonton/Alberta,,,,No,,,,,LinkedIn Application,,,
Ranstad,Bilingual Customer Service Representative,Mississauga,,,,No,,,,,LinkedIn Application,,,
Wonderbrands,PLM Project Manager,Etobicoke,https://ca.indeed.com/viewjob?jk=3fe5d6f2726c41f3&q=project+manager&l=Greater+Toronto+Area%2C+ON&tk=1jfios2ichb7c800&from=ja&advn=8923987867552615&adid=392431151&ad=-6NYlbfkN0D8WgehDQONUwhnkbJpQdLZKV4oTqVdegrqd-HSlcATrSyvg_68UwB7_qv0zhLZHGVd6afxT1VdADWvJKvd7YTuPws3zIEpKZUx1W8L7L1TgQFWm3Zp0C56PCJWNdCHl2KVZuMrpEd4bA900P6mMrthhQoTEsOJZRgfAg2_tl4TBA38sU9DxQp6-26rNPXsCipO_B6FNNctxXUmN48c7D-ILedhWyXdA2fr-JEOmnFA9WL7mgyQkLsEmXmRIYZhdwnCayymUNzBu0hXpUSltbrdwOIhOxPIOvqgRDTtA5TwJw896r5iWSykTtnp-fO5wE9ijUKXNxH_NP3RJP2ahDnYX8tCtFzb5Ik78VXCQslfmIuMYs9wR42N1LC01DjpujaZRo2ZZG6vG5z3KNcriXerkQxj0QJjxWT6MKbkHfn56zCkqWxS-BirLCsPZVMQqEIHZNwSYxPzMvakNwk67dCYNZvvLH9WryQhJiDI_WLj7xWhb892_rzoddKGEx09lWXLqPOhycdqb4U5AEYpVvoR21ses_ZxXHpqmlKDdHybCOVOfZakFnqgW75ZOcrTLKc%3D&sjdu=XnjnMb5T0dQIc5XQ_vrU4bksy-HHZctBpT7wdl-Tq-6NThFGf2PeA--_Jv53OkFIvaJHV-_t7xZkuQRtFEQmCe5KmLjd5C-CRYK_fDL8sIlvs8PotGavfhyZRs0thYsDzpVDzpKbi-E_xe82RahCRcg59C3T8jOCGQzcdkYKoR_iTZMNEe1IIQXZ8V8Jh86cSzCK9pXgLq-JDr1C9wzESq2qYVVS2wKOJUK7j6vdU6Qp1Y0PtXB-reQnF2i8gPpcbhm8UXulLq_klY6EA3MI15dOS6WE2BCPjo4qOp9eCF8wxRqtOfmyaLBmU6lFU67a&acatk=1jfjpnt8pi96i803&alid=68f91d99d479c11dce0e2b68&pub=4a1b367933fd867b19b072952f68dceb&camk=CPChkbYSGj-87XHLA3Q5aA%3D%3D&xkcb=SoC86_M3oy5--LBZvz0rbzkdCdPP&xpse=SoDD6_I3oz7Qc5wH050ObzkdCdPP&xfps=bb8114c5-d232-4e2d-898e-2ca7e9251dba&utm_campaign=job_alerts&utm_medium=email&utm_source=jobseeker_emails,22/01/2026,85 -95 K,Yes,HR  + Hiring Manager,,,,Indeed,,,
GeoTab,"Senior Solutions Delivery Manager, OEM",,https://careers.geotab.com/jobs/description/5010420008/,,,No,,,,,Company Website,,,
Daniela Longo & Associates,Senior Bilingual Project Consultant,,https://ca.indeed.com/viewjob?jk=2335f46519056ea1&tk=1jfcb50sll4ti802&from=jobi2a&advn=2831925622114322&adid=456052119&ad=-6NYlbfkN0BImycqqtzZcLNQQrBjs_FudauKyE5aCfY_5twGl7XWzvmsHy4s0x0SKA3PaBT7izcFjLSfPCbCsPV51IoEDljgbkDJRp24gwQ6nI_h4O9RSFyiTpVPyhX0u_HDQQVLOq4412gR9PU0szJbdkXKOEZyrh9Wms97MHIakoF08I9sKOaTFY91ZLLKUTEKzw673sugz7Kz5citOn6v3Dv5cDvkoVLEWU9g3X363G0yewo4a5EnG3NhFdT9ySksa1gN-tzNNi6EbalFqqmwrpEfRpgP4DKIMeTxeQlqIP_08WpWjKacCWFvfypDXLtXuI2LE2MAVX8cIOgKj9zp2UwSAkTSjkE23XwKq3yJOS4w3i4MeupmeL55Xjzctdq6g7Y40-KprYcyxPo5hLavN3x81a1IEIYFsHUeqmNIAvQhbGGSp3viMMDeO_kc0tp5glJSNjCPYwUoewYsKgprn-ftoQGAiIK7RhOhFJkrYSE4--zq19MiUqT3TU1a8WRmxFVQX0WBmogDNLT1jPlz8sd6-KpVj8xoZYoLjlzgaIZobxdLoaZKFFQavs9x&pub=21d85ca573e478f5e659e48885c828920cace3277f6b99df&i2af=jobi2a_jobsourcer-en-CA_nc&camk=UoKtGZLa3XIODq7R7R2Kpw%3D%3D&xkcb=SoCt6_M3oseb-92htB0IbzkdCdPP&xpse=SoDc6_I3o0poMDQpWh0PbzkdCdPP&xfps=f350be92-1ff8-4217-b124-f5a9b7447165,23/01/2026,"$80,000–$125,000 a year - Temporary, Full-time, Fixed term contract- Contract length: 12 months",No,,,,,Indeed,,,
Canadian Tire,Program Delivery Manager - AI & Data,Toronto,,23/01/2026," $79,000 and $131,000",No,,,,,Recruiter,,,
Supernova Technology,Program Manager,,"https://www.glassdoor.ca/job-listing/program-manager-supernova-technology-JV_IC2281069_KO0,15_KE16,36.htm?jl=1009467108179&utm_source=jobalert&utm_medium=email&utm_term=jatimepostedcontrol&utm_content=ja-jobpos8-age3d-1009467108179&utm_campaign=jobAlertAlert&tgt=GD_JOB_VIEW&src=GD_JOB_AD&uido=6B8754E2C0BE352416D52324D0E19531&ao=1136043&jrtk=5-yul1-0-1jfpg9nhoh717800-c2df1ad3f3ecaf30&cs=1_e4ca4ddc&s=224&t=JA&pos=108&ja=363633636&guid=0000019bf2e283ffb94419ceb79ea767&jobListingId=1009467108179&ea=1&vt=e&cb=1769308741614&ctt=1769561919469&srs=EMAIL_JOB_ALERT&gdir=1",27/01/2026,$90K – $120K,No,,,,,Glassdoor,,,
ODAIA,Senior Program Manager,,,,,No,,,,,LinkedIn Application,,,
Dialogue,Project Manager,Toronto,https://www.linkedin.com/jobs/view/4321326432/?trackingId=r7DHDVZ0WwdyQNPCI01H2Q%3D%3D&refId=YwQKXqX9DQVxYLKXJCIY9w%3D%3D&midToken=AQH8DxBJnGJ9gw&midSig=29znpHHj-Y-s41&trk=eml-email_job_alert_digest_01-primary_job_list-0-jobcard_body_15009161156&trkEmail=eml-email_job_alert_digest_01-primary_job_list-0-jobcard_body_15009161156-null-19ddgc~mku8odgm~d8-null-null&eid=19ddgc-mku8odgm-d8&otpToken=MTUwMzFjZTAxNDI4YzFjMGJlMmYwMmVjNGYxZGUwYjE4N2NmZDY0NzliYWU4NTY5NzBjMDA0NmY0ODU5NTRmMGZjZDNhMDg2NjRmOWI5ZjM3YTM5MDU1MDYwNmQ4NGJkN2IzMjdiZjI2MDU0YTFlNTUyLDEsMQ%3D%3D,27/01/2026,,No,,,,,LinkedIn Application,,,
geotab,Solutions Delivery Manager,,,,,No,,,,,LinkedIn Application,,,
MSCI,Technical Program Manager,,"https://www.glassdoor.ca/job-listing/technical-program-manager-msci-JV_IC2281069_KO0,25_KE26,30.htm?jl=1010009585252&utm_source=jobalert&utm_medium=email&utm_term=jatimepostedcontrol&utm_content=ja-jobpos5-age3d-1010009585252&utm_campaign=jobAlertAlert&tgt=GD_JOB_VIEW&src=GD_JOB_AD&uido=6B8754E2C0BE352416D52324D0E19531&ao=1136043&jrtk=5-yul1-0-1jg1786ivgbl4800-f43fe521b4b76de6&cs=1_edba87d4&s=224&t=JA&pos=105&ja=363633636&guid=0000019c02557549b36a998658207a63&jobListingId=1010009585252&vt=e&cb=1769567689540&ctt=1769571464190&srs=EMAIL_JOB_ALERT&gdir=1",,,No,,,,,Glassdoor,,,
Uline,Bilingual CSR,,https://www.glassdoor.ca/Job/index.htm?utm_source=jobsForYou&utm_medium=email&utm_content=jobs-for-you-jobsForYou-jobpos4-age21d-1009990008188&utm_campaign=jobsForYou&src=GD_JOB_AD&uido=6B8754E2C0BE352416D52324D0E19531&ao=1110586&jrtk=5-yul1-1-1jg2tu89pm91c800-e6e84c5909fd0056---6NYlbfkN0Ad3giXQyOqSjtuCazZCjThtx5L7e01X6oDYMq-RePRDX6LFDq4CV98k3tOHDaLynEj3JsfFXMs71NEX8cl9nCFHbs47ChAYt2doix--gMsRLvD_GdBU34_UPt4NvG4_GBYUUkbvJNREwNa9Z79A7zkSGSHI-72uAm-gGIyNU9bEtT7P1FF-iQ-yVAPYhZ5D3mP5LHt7ThA4umwvEyc3u7gQEUqYri8Z5K3zM0kb9X6xxql-RvXfcIP-Tu_PTN6XCAkTk2aBgj6jPpE_zOh47h4qrcYNHfBK5_O8Xq69RUDIZ1FgDMjFVj_GPae_4hc1yit9VbsQdD0hxl9sYBh5ligxFulR184U3GhVZYnPcnzuHbCw58Jho1bUCf0ZH5FU_5agoAWyPFMjMCq6OWNLkfjyrMmDvS2ZcFf6f30sWNK4nvw_u0rajA5H2t-4d2cdtdmQMWeFtXtXclk8-86oiFLs1aZKdzB04EG4VZfJ0ynWlhjtMFLrnbUB7jFWWNFWEDEYtHCqDhQI66b4aRdqkRBYnaNYSSOkvA-bsrE3kwRT3fVwYgQUQ2ntLQiuOYoxmgcgsSSE-oegXxxjhDRUNgFUsnMVyYb4jxox77Uppi3anyYIXwiuris5G0PgSNIkghrIiWB0TQFrrJv4PxPngYbXUv5CIhZQ7TmpyfazqVnWLU_5jKShq0UlSdVG9R2rLEu5dzQFjoL8LxmTdpF-0xACXOlC8jX_RramqprrFxAu6dNtMyH_SktxTHsGHVAtMQ%3D&cs=1_19ad5b8b&s=362&t=REC_JOBS&pos=104&cpc=F41FEAB56D215062&guid=0000019bfd0b39d0ab4592e1a494a8e2&jobListingId=1009990008188&rdforyou=true&vt=e&cb=1769625035545&gdir=1,28/01/2026,Pay from $35 to $40 per hour with significant growth and earning potential!,Yes,HR,,,,Glassdoor,,,
Aviva,Project Manager,"10 Aviva Way, Markham, ON L6G 0G1",https://ca.indeed.com/viewjob?jk=4f3f7b9c790bb0b5&q=project+manager&l=Greater+Toronto+Area%2C+ON&tk=1jg6rte7vg2gp800&from=ja&alid=68f91d99d479c11dce0e2b68&g1tAS=true&xpse=SoA-67I3nIZMpRyTwJ0LbzkdCdPP&xfps=7ae59171-8216-46b8-8659-898e8a8704bf&utm_campaign=job_alerts&utm_medium=email&utm_source=jobseeker_emails&rgtk=1jg6rte7vg2gp800&xkcb=SoDo67M3nG_6AG3TTh0DbzkdCdPP,30/01/2026,"$110,000 to $130,000",No,,,,,Indeed,,,
RouteThis,Senior Project Manager,,,2005-02-26,104 -144 k,No,,,,,Indeed,,,
BIS Safety Software ,Customer Experience Representative - Technical Support (Remote),,https://www.glassdoor.ca/Job/index.htm?utm_source=jobsForYou&utm_medium=email&utm_content=jobs-for-you-jobsForYou-jobpos2-age12d-1010005120265&utm_campaign=jobsForYou&src=GD_JOB_AD&uido=6B8754E2C0BE352416D52324D0E19531&ao=1110586&jrtk=5-yul1-1-1jgfadejtgb1i805-b7b627f0bc185728---6NYlbfkN0CP3Q_UPKr9FJMWPQxO7lgr5k1WEZA9Z4Y9-bUlhLIRSW5wgtRqn23_TC80Ux5vpDiR71WFoJ_aoSzQy66gkDDX-eAZWsF1mnToPG4IQLXS566WwFBfukL5OH6hIzuTwfSYFCDRX-Mg30plGkb8xK0Odsfl4QXe03QNdTLSGMNFnl8PDD_UvjNLZ2SxTJ-KK5sfNkHIpxZlStsPeeOIncLe5eFLao8okW8vgzCMjvjWsgcrsg_mKl7wHtWn01TRSI56kipHEPx2VG3T5dqutDhauj_4L_w68ayHASR9UyLRQYhxI06Bv-E6e7Ffe8vu6zATCMmsO2SX7_VA53Snqav0Dpf7773B-Gj9LJ0MJQcvw_ghroxdI1VGh92JqVyoalIsXZ1ELXe0EhDz7J-Oi5iHS34KVhGMu6l6yUB7T_aRwNFwPS9Dz3239qIjUvMqFuP_PUR0pDIVq-D_eC2W9g4SG5RNI__ThdceLOidcJ8XFwsCmbrvTS17ok39u06tsnsMFiCVVARo3_DxLu0W-8RhenUiAJ24dKvotnYCLNavMpTZLsQAOholyMFtW5_hXurBUUZlhhaWr3L7ApVIcsv2pb9xohF3xUE1SGgBds44AWS5hAJ44WmgHZy-xa2WPMuCW-7eOmt-WoeLQoNBplqa3RARS5jwtS9d-fp9kdmbadcaL4R5YdB1s3nomlLd-nO7k7n40O_MgxVEtD8dbJUoMf4WWgSAm32k_h9t5myARvDQGb7YFVut&cs=1_490a0185&s=362&t=REC_JOBS&pos=102&cpc=654405A9B1E0A9F5&guid=0000019c16d44500b8ac97b39f460992&jobListingId=1010005120265&rdforyou=true&vt=e&cb=1770040769571&gdir=1,,,No,,,,,Glassdoor,,,
Creative Circle,Project Manager,,https://www.linkedin.com/jobs/search/?alertAction=viewjobs&currentJobId=4348365598&distance=25&f_TPR=a1770317119-&geoId=100761630&keywords=digital%20project%20manager&origin=JOB_ALERT_IN_APP_NOTIFICATION&originToLandingJobPostings=4348365598%2C4369159693%2C4348611152%2C4369689465%2C4368863024%2C4359815920&savedSearchId=1675100344&sortBy=R,,$ 40 - $45 per hour,No,,,,,LinkedIn Application,,,
Capgemini,Senior Project Manager,,https://www.linkedin.com/jobs/search/?alertAction=viewjobs&currentJobId=4368863024&distance=25&f_TPR=a1770317119-&geoId=100761630&keywords=digital%20project%20manager&origin=JOB_ALERT_IN_APP_NOTIFICATION&originToLandingJobPostings=4348365598%2C4369159693%2C4348611152%2C4369689465%2C4368863024%2C4359815920&savedSearchId=1675100344&sortBy=R,,,No,,,,,LinkedIn Application,,,
Falkon Technologies,Technology PM,,https://ca.indeed.com/viewjob?jk=83307ccc7229f9ef&tk=1jgp8taqbh7pa806&from=jobi2a&advn=72174737651455&adid=456884966&ad=-6NYlbfkN0CnfCg2MMOhxPHjYahsCgIAAGsCZKdke5gLO8sEKN9JFGSdTuNNvzhihf8Oid7GmKAxBo5abFulcGfAhFF35ajOg8oUH5o3EMlxrvre87TTGLggQ9tlrqcdcV8OCKGPlbdSH2Ia21HvpW72Qvp2v2jTG393ix43KYnP5eyt-22NG6wY6iErpi80D-KWIi2VfefIBDWqxR3D1LK4ks_VZ1WwfCneV0BxkXIxDamRpfE0fJL8gsLoftL1Hmwc5yW4Tze27wfF_AinKZWa334jJxNQJw2MjKC2rMALV0jhb3UMJYIW3OHarcOTi-1fCUFQ-zQej2jNNjVJUmVbHT0WuIVmws30LE-uuqoBrssvqYq2R8l_RqYoxhgfazpQwa5g0ikjHvESlRmDFvrMQScigbD7L9yPf1_DzOKo9NtDjMiVnvBLMpX5XT4aHCnN0q2dwRaLchxPfBxZ55Kz9wUdslWp5u9W6JqgeQ5ilQ3O0rQNvsgh8fn5sI13OVgMgMh7GZr1OIYT2oeglj4lw3gu78xrm8bZC0wYBygyOw6Ekw1v0K3RkJuzkIzTl012J7779v-GEIzliPNbD4n1Vs899ZgqtWjqWmXRwymC0-etL8KRFA%3D%3D&pub=21d85ca573e478f5e659e48885c828920cace3277f6b99df&i2af=jobi2a_multijob-en-CA_email&camk=UoKtGZLa3XJoU3YSX2jDDQ%3D%3D&jrtk=5-cmh1-1-1jgp8t9n4nbb6800-83307ccc7229f9ef&xkcb=SoBf6_M3nZZ6hC3Fnp0LbzkdCdPP&xpse=SoCC6_I3nbIlmTWTQp0ObzkdCdPP&xfps=3bba7ca6-2662-4e56-9570-5c27cc2ee421,06/02/2026,"$70,000–$100,000",No,,,,,Indeed,,,
Medline Canada,Bilingual RFP Manager/Gestionnaire des appels d'offres bilingue,,https://ca.indeed.com/viewjob?jk=f0c1c627178fe960&tk=1jh5smt3ijauf801&from=jobi2a&advn=7287428823615779&adid=456947541&ad=-6NYlbfkN0AiJO_oAxyPLwBRsLHKawQDLVAXhcjKieUO33JZP-36LUg67G2PeClMxRjyS7aTrXY_P1iHDHrqPnaO3lnn4HLQJiANgBtO14Al2d4Q3ZyV6kh4oFb2Etcyou1oexdZaa_An2Jl-IwV6kqzMp33RI4LFFX9JVzcWLCMIYUVlVFjSdUAbs374b6sjdi_KloIQhafC8bMTwXeqk6rdKKAFGbYO7Ww80xP0UXeHd-2QlHFuOwx4CabxDsxE4xmRMLujGgids_LNiJXGCea5I7XtCu97CX8kqokA1MhtuU-1DA4YvKv5YmFgZ7gGCPFWUTtozdGwcqiJ59wyE6hCyp-zl3d3shwFn0MD3YioUKOC1nkyGUENYMcghlAstpR-RnZOHqyq5HKKAKqBRlFNVBExk61jT83lFNeoAlBzjd9W5zqVZRuYtSqvqRD0ovjGftJ6RopIce2wXTpd6hGafeugPKm2pxJq8tJzyjxnbaPjQF2A0SnhnPH4-decCHMYKUFiVweo18l-FMgpvAJo74wssPDoHMX2R_fErgtsvk-U3eMMIVKFwFkk-PHGUZEv-W3OrLnJ7uO2hzhqg%3D%3D&pub=21d85ca573e478f5e659e48885c828920cace3277f6b99df&i2af=jobi2a_jobsourcer-fr-CA_email&camk=UoKtGZLa3XJgT6XAIJhGVA%3D%3D&xkcb=SoAm6_M3nlxUfER6W50JbzkdCdPP&xpse=SoAL6_I3nnYZRywH650PbzkdCdPP&xfps=3558a5e5-66c1-47b9-87e2-ebecb924eb8e,13-Feb,"100,000",No,,,,,Indeed,,,
Syneos Health,Senior Project Manager,,https://www.linkedin.com/jobs/search-results/?currentJobId=4369330063&eBP=NON_CHARGEABLE_CHANNEL&refId=WEGQj4xdS01JiiqOwgSSsg%3D%3D&trackingId=byk8kXkztn0I1TIs8iahUA%3D%3D&keywords=starfish%20medical&origin=BLENDED_SEARCH_RESULT_NAVIGATION_SEE_ALL&originToLandingJobPostings=4355317109%2C4359290975%2C4362625335,,,No,,,,,LinkedIn Application,,,
Siemens Healthineers,Software Project Manager,,https://www.linkedin.com/jobs/view/4359882996/?alternateChannel=search&eBP=NON_CHARGEABLE_CHANNEL&refId=WEGQj4xdS01JiiqOwgSSsg%3D%3D&trackingId=lL54LTg%2BjUa2zedqG8HvlA%3D%3D,,,No,,,,,LinkedIn Application,,,
Medtronic,Customer Service Rep III - Bilingual,Brampton,https://ca.indeed.com/viewjob?jk=af1c421a03dac63f&utm_campaign=google_jobs_apply&utm_source=google_jobs_apply&utm_medium=organic,13-Feb,"$48,320–$60,400 a year - Full-time",No,,,,,Indeed,,,
CIMCO Refrigeration,"Bilingual Project Coordinator, Automation",,https://ca.indeed.com/viewjob?jk=464b5b9a0b89f75b&tk=1jhh90v4khgsu801&from=jobi2a&advn=2446992912665175&adid=456862245&ad=-6NYlbfkN0CmcR_VFF6m9Nsl3yDCmEAWfE-rpVcmGl0sHnceSHfHMPyjC2Gy0vIkFZpDMnzS-cnL78O3LRX62hbUUIp4cb1u2PKc0gcV2oLI2FM3ZUj55h7-Tw5LdwysdTYlJ2HyYpKxh4w8B1k0nCsNHcl__vTSqru5IUzMQs90uxlw05YDi4FJ103OwVgShiWE6C3wTweEv1WUL9JMsQw2lcWtC3xsUeIk0sO3LoklHCQWnzO_5OAx_Ny0OjjzBidGIn0n2txOs6zGg4Qvh56HHUSvFamntpj-qPu2fzCYbaVM4y7zkKaMnk4cgjK6iLrq3REcivjsJm2XajyQ9kADPgFDiTKLeSd2D3AQwJqWF77UgpZS2bq72IxcICyDjftoHrzNd6FtqXYkEG7z1FdFpM5HhIQsph5LG_exjpf9f0dqkJ37S-ZdltshnSb6o873ad1zE1qZy6VABZ45eqTiW1yiozgLGIWnzTgOMOD4eWXcE-gVKbzL7qY66XYv5-qwGiKLQU9urCKNRwzB_a2LU4hNlYE0BVbA8jJnTpEAhuR9Ifb5D-jONewWgLQdn1zOd8WIWxYurFaTwM1FuA6XPXVVr7imwGRgf1V8nJeQEfoB2SvT8yZeJ9GgKgCV&sjdu=o4-SOnWFj7zDQa1x_oNfXaEk52Nz9pXCfzpcH_zfubv1hPmQBvdauWqeR_XHkbW_Hwoy-v8T124X6Q4yADy_L8tQ1Cc6r2qQ3s3rg5vPNBh4flpKr-Rm2b8l7RktldZYKU-uv4RJRfxpwwfsqPeXrZjyUUYAEeC9bxW5IiOZakVd7jWJGMhlamrGQY1jGgq9LJqBws-0ywQ6Ecv5P2k8sgBEdUUza0xwAdg2JIk4qU8lp16ArJ5KKgq57z-9s-zZpDFogJGiae0QvfhGA1RR-A&acatk=1jhhivairi9cp802&pub=21d85ca573e478f5e659e48885c828920cace3277f6b99df&i2af=jobi2a_jobmatch-en-CA_email&camk=UoKtGZLa3XIGY4ZMlpebEQ%3D%3D&jrtk=5-cmh1-1-1jhh90te1kunv805-464b5b9a0b89f75b&xkcb=SoBI6_M3nxaLyXTVch0LbzkdCdPP&xpse=SoCZ6_I3nxtyiYwHdh0PbzkdCdPP&xfps=6aaf8aee-eee4-48e9-9797-08c5cad8d421,17-Feb,,No,,,,,Indeed,,,
ESOD Solutions & Business Inc.,Project coordinator/Manager,,https://www.glassdoor.ca/Job/index.htm?utm_source=jobsForYou&utm_medium=email&utm_content=jobs-for-you-jobsForYou-jobpos5-age26d-1010006270840&utm_campaign=jobsForYou&src=GD_JOB_AD&uido=6B8754E2C0BE352416D52324D0E19531&ao=1136043&jrtk=5-yul1-1-1jhlg0l90kupd801-3cec0097769f0cff&cs=1_0528207b&s=362&t=REC_JOBS&pos=105&guid=0000019c67968660ad38fb138e0fdde6&jobListingId=1010006270840&ea=1&rdforyou=true&vt=e&cb=1771321710257&gdir=1,19-Feb,60 - 130K,No,,,,,Glassdoor,,,
Deloitte,Project Manager,,https://www.workopolis.com/jobsearch/viewjob/4i0J-jEGKE7l_gNttcfQoWKshSowNky6m31hXJN-c61YjKgn_qYuWkgMsLOzey7_,19/02/2026,,No,,,,,Workopolis,,,
North Star Staffing,Program Manager,,https://www.linkedin.com/jobs/search/?alertAction=viewjobs&currentJobId=4375171510&distance=25&f_TPR=a1771452921-&geoId=101174742&keywords=program%20manager&origin=JOB_ALERT_IN_APP_NOTIFICATION&originToLandingJobPostings=4374793085%2C4375001258%2C4374776374%2C4371214468%2C4375161011%2C4374485489&savedSearchId=1738446733&sortBy=R,,,No,,,,,LinkedIn Application,,,
,Project Coordinator (Healthcare Programs),,https://ca.indeed.com/viewjob?jk=bf193c5ea51c2218&q=project+manager&l=Greater+Toronto+Area%2C+ON&tk=1jhvnckvigd9f800&from=ja&alid=68f91d99d479c11dce0e2b68&g1tAS=true&xpse=SoB867I3mBxFZO3Vmp0LbzkdCdPP&xfps=f8abb138-b4fd-4e94-bd80-380ae9414aef&utm_campaign=job_alerts&utm_medium=email&utm_source=jobseeker_emails&rgtk=1jhvnckvigd9f800&xkcb=SoAr67M3n_m9aZ7tjp0jbzkdCdPP,,$ 40 - $ 50 Per hour - Contract,No,,,,,Indeed,,,
Qualcomm,"Program Manager, AI/ML Software",,https://www.linkedin.com/jobs/search/?alertAction=viewjobs&currentJobId=4367231546&distance=25&f_TPR=a1771626356-&geoId=101174742&keywords=program%20manager&origin=JOB_ALERT_IN_APP_NOTIFICATION&originToLandingJobPostings=4374646226%2C4375001258%2C4376182801%2C4376180310%2C4312913338%2C4367231546&savedSearchId=1738446733&sortBy=R,,,No,,,,,LinkedIn Application,,,
Nexus Consulting,Project Manager,,https://www.linkedin.com/jobs/view/4376188009/?trk=eml-email_job_alert_digest_01-primary_job_list-0-jobcard_body_0_jobid_4376188009_ssid_15009161148_fmid_19ddgc~mlwgpewk~kd&refId=PbxEeTvrKQkuGfmsFFiygg%3D%3D&trackingId=NrMRAX7BXJ0ZMAqeyPfTvQ%3D%3D,,,No,,,,,LinkedIn Application,,,
GodSpeed Gtoup,Program Manager,,https://ca.indeed.com/?vjk=d2a6f8aefc96e79d&advn=6495812187991615,,,No,,,,,Indeed,,,
Jon Reneau,Bilingual Operations Coordinator,,https://ca.indeed.com/?vjk=c679c85d2ce9507c&advn=9911399382515314,,,No,,,,,Indeed,,,
Mercor,Technical Program Manager – Remote Role,,https://www.linkedin.com/jobs/view/4379292868/?trk=eml-email_job_alert_digest_01-primary_job_list-0-jobcard_body_2_jobid_4379292868_ssid_1738446733_fmid_19ddgc~mm80ijt2~w1&refId=ogcPSvybWZukR51YFXAMfQ%3D%3D&trackingId=5t1stVfzLQWYv1PidgPJiw%3D%3D,,,No,,,,,LinkedIn Application,,,
Intelliswift SW,Project Manager,,https://ca.indeed.com/viewjob?jk=0eed241a81438b43&q=project+manager&l=Greater+Toronto+Area%2C+ON&tk=1jij3gsmh20aa000&from=ja&alid=68f91d99d479c11dce0e2b68&g1tAS=true&xpse=SoD267I3mWEldT0HsZ0LbzkdCdPP&xfps=7e6fa103-56a3-40f4-85d8-89b0a9305b34&utm_campaign=job_alerts&utm_medium=email&utm_source=jobseeker_emails&rgtk=1jij3gsmh20aa000&xkcb=SoC667M3mTPMcp0pJ50MbzkdCdPP,02-Mar-26,$60–$65 an hour,No,,,,,Indeed,,,
Avenue Code,Project Delivery,,https://www.linkedin.com/jobs/collections/recommended/?currentJobId=4369563228&origin=JYMBII_IN_APP_NOTIFICATION&originToLandingJobPostings=4369563228%2C4372165244,,,No,,,,,LinkedIn Application,,,
McKesson,Technical Program Manager – AI/ML Initiatives,,https://www.linkedin.com/jobs/search-results/?currentJobId=4359923330&eBP=CwEAAAGctNb7LZfZB_OgNcyfDZBTEOy73YzMzJ305zzvvSKHKFXXAUreZyQpm1MuVviRPfWPHBmYnOf2CbETBv5nM1v2ddK10eKX89QicwFhTsIaWF3hdKueXup9OJkBXQgPCLnHjGik1VDQbxq5cy4NYr8LzBlXphd1_bwVmaxKsQIbI2lEI42hEDP3z2hJnJj75IjYZE3PSNAtGEGm_Jpda5si1T7HJmuXpoQoKIK5opBG-FY1Jbc3WUGhn9_dqmcktHkUNhM7ZYzPJFx4P_h-YrOFGUSy4rqjqYp6a6SSQIGnZDhNrBnzU99GLA-5nWc01oVRS1fKF2eobrNEmyfr42_zERsNC5PiNYdRAIQggp-J5zR4yn7uPuVCjBmylAS9zOFvf7mELhVFaFv4VSjn6KIeJSKxlCvOF6XympTIjohVjxHkNf04xC8hADJNdaxfNHnRBCho5RCAEkezlVf3Zyc65vfs_v8b_zzDcX0xklWUIyjaoALIsY-mPzwCnbbZyvJW3sd6M__PAjqrjVdrp6g_61JxMQ&refId=NyHnuN%2BoQm74ExRocXbXDg%3D%3D&trackingId=KeaJEbJk1ORLTGrRHXqzvA%3D%3D&keywords=Mckesson&origin=JOB_COLLECTION_PAGE_SEARCH_BUTTON,2013-03-26,113-189 K,No,,,,,LinkedIn Application,,,
MDA Space,Program Manager ,,https://www.linkedin.com/jobs/collections/recommended/?currentJobId=4366339654&origin=JYMBII_IN_APP_NOTIFICATION&originToLandingJobPostings=4369563228%2C4372165244,03-May,100K,No,,,,,LinkedIn Application,,,
,Bilingual Opearation Specialist,,https://ca.indeed.com/viewjob?jk=f8cd9db885bc91fd&tk=1jiqacq68pejq800&from=jobi2a&advn=3993885771473438&adid=457106384&ad=-6NYlbfkN0BIC_5kcTbvtVm0sIRMvbKnENZ774lmUhEY4ff4HxBjcv7W3eStQcCpH4FvADk1q7BiuwdtdxzQ9Adu4Xygpt6BKZDVCny25UjEgR3mbmWUFqWRY61u8xKZM-aEbfE73WUJ-KvM5wdJNwHM_OaILGJ9heAeHAzLsvk5dk1FWrTslRg3-tCEmVWv-rFC_70UWjBG_E-uJaQ6kmMzJTVMsC5SOKiScAGIi2lU5z5wX6JU0yxiIw-IlEtO1NRwg8B8xXi9UoPgKEgenC9CqsUdLpfJvfX-uIfEZ04wZVw2PNPALut_DLWItV-Dfq1tCZv4mBO90nKN7g8vJwiBdRaSpFBLfNFeAao1OTAhwyNlqoRq6fxfk6JX05Wh2FI9ZBHHWafR9uxyB9IUZD4INLRdevYSP2xGAh3SGI65QJ6M1PnSsaaKayu_f918yh8X3JUjU6EIEBQlzpJ8JOXpR1EezRndC1CbofoI0ybqr7MsGmGtUnCkU6OyVaeOWsLaH9nKMQP6BpYnQyQd1S6RmgdY_aGQLblfFRmic5Waz7zSQAUVGEQ8LnmIpm1SLdbzDa4baS6VbkWDX4k5QPgJGjQ7OkD59iFMaEgqjM9r9FTutzmpQl8iej4xGg-P&sjdu=0ZFwD5rbjMRcHz87Kzx_gyk1MmyvsQ8tpUX1vBr5iHTG7EMbMZopjXAjkN9_vrANxqdld3ofSOibX8sIGCE8RjbDJaItF37bNOZmN0yhEPkEORfVThpj0OekXm-DEv7JstqWV8yy-vo1in3BbCej50CnEWfTg8kIfp1SchvSkG-CNiFJdVan5MV_Raf7tUZxi04hSW9JXr6cLT25syoSdn8Knx6vewkxBxb4g4uFUZcaABQbt3KSR3ne3HHiXNJO&acatk=1jiqertis2cs3002&pub=21d85ca573e478f5e659e48885c828920cace3277f6b99df&i2af=jobi2a_jobmatch-en-CA_email&camk=UoKtGZLa3XKPMYdTYRKhiw%3D%3D&jrtk=5-cmh1-1-1jiqacp43rjdo802-f8cd9db885bc91fd&xkcb=SoAK6_M3mac8pdSGbZ0LbzkdCdPP&xpse=SoDp6_I3maVgabAMez0PbzkdCdPP&xfps=63309c48-7296-4492-ad17-31a80d8de38f,,,No,,,,,Indeed,,,
Banyan Software,AI Factory Program Manager,,https://www.linkedin.com/jobs/view/4381565456/?trk=eml-email_job_alert_digest_01-primary_job_list-0-jobcard_body_0_jobid_4381565456_ssid_15009695340_fmid_19ddgc~mmjswbkf~uq&refId=to2qr2TzyEXve3py21MYFg%3D%3D&trackingId=qlvLUMBmyviK5l4k3FdfSw%3D%3D,11/03/2026,190K,No,,,,,LinkedIn Application,,,
Talos Tech,AI Program Manager ,,https://www.linkedin.com/jobs/view/4381544348/?trk=eml-email_job_alert_digest_01-primary_job_list-0-jobcard_body_1_jobid_4381544348_ssid_15009695340_fmid_19ddgc~mmjswbkf~uq&refId=to2qr2TzyEXve3py21MYFg%3D%3D&trackingId=j0Rqjdv59Bj%2BtDoH%2FNi%2BUg%3D%3D,,,No,,,,,LinkedIn Application,,,
Bayer,Medical Operations Project Coordinator,,https://ca.indeed.com/viewjob?jk=f5025ad1eaeaf606&q=project+manager&l=Greater+Toronto+Area%2C+ON&tk=1jjfj1l8ujlrf801&from=ja&alid=68f91d99d479c11dce0e2b68&g1tAS=true&xpse=SoDE67I3mvjJQATb7h0LbzkdCdPP&xfps=ee300ebd-dce5-4121-9713-b68fa34d497d&utm_campaign=job_alerts&utm_medium=email&utm_source=jobseeker_emails&rgtk=1jjfj1l8ujlrf801&xkcb=SoDZ67M3mvuJFnUej50JbzkdCdPP,13-Mar,"$72,800–$109,200 a year",No,,,,,Indeed,,,
Huron ,AI Tech Team - Technical Project Manager (Sr Associate),,https://www.linkedin.com/jobs/view/4382726884/?trk=eml-email_job_alert_digest_01-primary_job_list-0-jobcard_body_0_jobid_4382726884_ssid_1675100344_fmid_19ddgc~mmo37vzi~mq&refId=U8g%2BbVWi1gpXPs%2B3cUw%2Byw%3D%3D&trackingId=3suS1pbZXSgBwEWY1uqpQQ%3D%3D,13-Mar,"$115,000 - $140,000 CAD.",No,,,,,LinkedIn Application,,,
Robert Half,Sr IT PM,,https://ca.indeed.com/viewjob?jk=07758af27314b968&from=apply-conf,13-Mar,"$90,000–$100,000 a year - Permanent",No,,,,,Indeed,,,
Downtown Automotive,Project Manager,,https://ca.indeed.com/viewjob?jk=9d150a9af16a1c4a&tk=1jjls82itpdqj801&from=jobi2a&advn=9610297450432053&adid=458510163&ad=-6NYlbfkN0Ah0xrNnc5w4su68sOLBf_73wSFYczKDBixG1LqlalodILG8vwCZ4SJXS2KF6s3M4hzJfQT7ONlzamrIYtSu64ZIB-rSrhK49LOkwJ8P59DU9d95PBOGdTdpuS3ClY0BQweKkxXYJJv9KSYHdjudNJBDH0lDPtj_MFgoCm_qCKPKQgyiJxg2SdWcG_P3jS1OGn8kGAudSZNG4DuSGxEjLycJXV7RHDKO-aimJzmjknw-YXH8sR__ILeEpWIPuVtGG82HyzAgt5hNSVF9iAfZUaTWAnXD7h6pUmBCtVIaP1d41fnsJ_YPMBDwhrn85XSCaq0qLIcZUDUPdx9o3CTzoyNMrV9R5-n9oXRjd_TPg1q48mfur-RC21P0ZunhEbdp-eyYj9ELn47StWb8mxMPABECcAxLeJwETGPyYVUVsxnNzx9W-sPSBewUn7fDCuV26Gs7TLQ7ieIzWD1ahpCx_rDMCOLkEW-MtS5pUhj9SJT2VRjsLlAW7Q6xnRG3LwNDcHcb1aFunfXDPIoft5uqhsNBvcOPPnenw4Pfn_SghyDK5JAILmRASsGDw4BTHs1_3oTK7iZchay015_OR0Fa8khFMYn2q9Q1vZctnIstq94FOLL9f3VPVFW&pub=21d85ca573e478f5e659e48885c828920cace3277f6b99df&i2af=jobi2a_multijob-en-CA_email&camk=UoKtGZLa3XJ1wyWD4W35fA%3D%3D&jrtk=5-cmh1-1-1jjlqk36plqij802-9d150a9af16a1c4a&xkcb=SoDd6_M3m1wvgx1Lax0KbzkdCdPP&xpse=SoAc6_I3m2G0PvygNp0ObzkdCdPP&xfps=006a5a63-78dc-470c-ab54-3c6e50b302e6,POST CLOSED,"$105,000–$115,000 a year",No,,,,,Indeed,,,
Healthpro procurement services,Technical Delivery Manager (Software & Integration) (12-Month Contract),,https://ca.indeed.com/viewjob?jk=88d6c7bba6e206c9&tk=1jjls82itpdqj801&from=jobi2a&advn=5463719214469078&adid=420228365&ad=-6NYlbfkN0C0qEztfTge5_OYuhAG01VCV_p72QBdjT2UpYtMtCd5AxKjgqskAle0M4mwIoalJoR7OMogZoIihKOqQm_CNUncuABPnQSRmn0kPdAoJIuKDdwv7F3CbcSvmF7zhjWuQ0Z3tLMWopYkkvVefYWqJ9bO-lUDF67Brf5nfodEDzCW2I8AulJbHELzM6bw3rL_Cf5TKHe0QjqZscm8OIHH-EbwEJsk6qzhIHj4urm0_dgLNBn8zTQ5KAGEfNjUTp47dz90XKrrNaUVf9mjsVV5c-6_0JGuXsn7IL7_djcpX0ezc4gfsX2ztyei15tkpDvXzs7OIdeheHNcJ8HKymrOUB8wkoqrFvVImE0dmJaD8-k4pRdsC7lHZfQceZUSIysneb7OhAmWpFBQE5kQSabThoz91AjKwEsI_15hm8U1d1QxfojqmwqHshRtd5MlwFNCofDjMysJ-F1MmNx6UqdN71jtgcvl_Wlgn7HIX7kwbPO3CCnLAuAS7A-WIq_WRi43DOhIcCzEMcGSwGaUP-3ztbEZIvV9gux0coYGa8AIeYKOo6Yuys-yov2Nh0aUVoQPZw53HR4l50fZSE8hWq_DR9Wc7gmuP-nViSOpDx1dF2vFR7Pb4uodzIW_&pub=21d85ca573e478f5e659e48885c828920cace3277f6b99df&i2af=jobi2a_multijob-en-CA_email&camk=4HOcmqOLYrBYnGa55TfOww%3D%3D&jrtk=5-cmh1-1-1jjlqk36plqij802-88d6c7bba6e206c9&xkcb=SoBs6_M3m1wvgw1Lax0bbzkdCdPP&xpse=SoCa6_I3m2Hp9-gH970PbzkdCdPP&xfps=970e4568-8c64-4766-aed6-61aeb4e7699f,,"$100,000–$130,000 a year - Full-time",No,,,,,Indeed,,,
Manulife,"Global AI Platforms, Program Manager",,https://www.linkedin.com/jobs/collections/recommended/?currentJobId=4383973477&origin=JYMBII_IN_APP_NOTIFICATION&originToLandingJobPostings=4383973477%2C4375005546,19-Mar,asked for 110 - 120K,No,,,,,LinkedIn Application,,,
Allie Tehcnial Solutions,Sr. Program/Project Manager,,https://ca.indeed.com/viewjob?jk=d704d03b1e256812&tk=1jjls82itpdqj801&from=jobi2a&advn=5212869027979365&adid=458610417&ad=-6NYlbfkN0AGgeqQIXkF_n2IVQ84stRU9Jjo17vkh_wxuINwV6-efuCEIZk1obryvaFOpAQRRdMvVsS4j_Bg3j-EY68GuWRtLDI1QODbNu5TWkAMPsdeRTkYlPlg2vIkT3NITJqo6GcPbJ5eGaWbBTX2lAppOGJU0BvsOePKcqwzZxn3L91n2eZnU1wwwQ_7EIwJ1nWiQPbPjzrJskydFjJwapQEGDSB5kXTWHXZDah56FD82cYoMmCfyvzT9dACi6GEA2zKSzkjkZOWHlLNwJKzgWA0sRFalHXWmiCX-ewAye-kFaVloLtjmRUu6BVu514VH2EFFaZ5pns66vSxgRqtE4Wx_MQLd8ql8KVJ5CHg_SeiscMl-PeeddZgzCaBiJyzAd9EtLvMeU4DF74QE39IK0eC3ibzHcxf093Qk_MvI6UwPRgAzSOiZfX8RgNLikAjIGpO8-sT4oXR9fdo56fkaWds_ngOKxueMxaY8v3y412BP4YIdxgt_apTCDfZwOJS59z4lBTb4NNsXuviyTtASdssDW7jxWY_xogjj29WBoesvlraY-DpDbleAygRUQNk2Vw9A0mWNRQOrc0CeFQcuodc-Kqaa42swpsK7IMxfOS97JO7kA%3D%3D&pub=21d85ca573e478f5e659e48885c828920cace3277f6b99df&i2af=jobi2a_multijob-en-CA_email&camk=UoKtGZLa3XLoDhM-o4i4aA%3D%3D&jrtk=5-cmh1-1-1jjlqk36plqij802-d704d03b1e256812&xkcb=SoAn6_M3m1wvgwVLax0GbzkdCdPP&xpse=SoDI6_I3m2R1bmSgNp0NbzkdCdPP&xfps=91734b55-ba7c-4344-aed9-21847571a5ac,21-Mar,100  - 130k,No,,,,,Indeed,,,
Thermo Fisher Scientific,Program Manager,,https://ca.indeed.com/viewjob?jk=5cefccb3faebe810&q=project+manager&l=Greater+Toronto+Area%2C+ON&tk=1jjfj1l8ujlrf801&from=ja&alid=68f91d99d479c11dce0e2b68&g1tAS=true&xpse=SoBm67I3m2VP1nWEmB0LbzkdCdPP&xfps=43e3d222-ef0e-4ad5-ae0e-d98e97bb1928&utm_campaign=job_alerts&utm_medium=email&utm_source=jobseeker_emails&rgtk=1jjfj1l8ujlrf801&xkcb=SoA767M3mvuJFmUej50LbzkdCdPP,21-Mar,"$76,400–$114,575 a year - Full-time",No,,,,,Indeed,,,
New Era Electronics,Project Coordinator,,https://ca.indeed.com/viewjob?jk=b12e672b2571d005&tk=1jjq103v3jc1l801&from=jobi2a&advn=4828848935190877&adid=458828524&ad=-6NYlbfkN0BM7leGfx_znei9wDSQDU319l9vQWBlyrhO5DOFa1tGwQS13v5Zlg3_spE1JkRwtCMX9ZPyRYUmG7K-zvbFP5_llpW29Y-3xFz6XZcPLlQ5EwpLMMpaObiBFaYmHvMAR07RSIul8wOjBxi_jgtfTGtmvVfzUrRTAAEYfjtf0lGhPDQyPFgn9RcG0UTKeC6ug-BT67KaIxGXQpb_sK-7TbP1KWjiu2UmrUcah2S3NYgBBavaXBpfqlN8ZM8Wm6Chzo_SONqPieKiju9z6Nya44NOPEBCRbhHAg4EyeTsncadOcKSWq5rSNJ8Ujdldq5Pgdteiu3szelRI1WjlzC0TSm4Ci5kw53pCrlVd9mw8O7STdrnzwTBlTvndtMaLzNUM0DBVwuRj_g-Ncha8woFt_2IYONgwEx5BPgdXd-GHDWuNe870OhkuVk_lr-RSbZ9agf53L-pHuk5tLloqxRGPCjTx3zpztFHCZWwYDPGsG9MPZG2EcSPXgNeGzaqkooWF2BcdChtVfA78b5pApk3g4zdLRzgUZ4Q-3wcDjwfz1X074j7reTU0ipFsyOAiJ_oVGFbdg9YEGG2tQ%3D%3D&pub=21d85ca573e478f5e659e48885c828920cace3277f6b99df&i2af=jobi2a_jobsourcer-en-CA_email&camk=UoKtGZLa3XLG82V-0qbNiA%3D%3D&xkcb=SoDE6_M3m6KPdq1LcR0LbzkdCdPP&xpse=SoBy6_I3m73-HoyNoB0PbzkdCdPP&xfps=e8613bcb-2504-487f-acf2-ffb2b8b82c1e,expired,,No,,,,,Indeed,,,
Wilson CTS,Senior Project Manager,,https://ca.indeed.com/viewjob?jk=9de4ca407598b1f9&q=project+manager&l=Greater+Toronto+Area%2C+ON&tk=1jjumdr8sgcab800&from=ja&advn=2415081623432048&adid=384609583&ad=-6NYlbfkN0ARTAizOW0T4oiE6Epdo0i-SPQERQ6fC7voScIS1kB12r_p2ZVmiPPGh6LiMNJIqwZNa2ybECOAwOdRgnZa0_uUCwDwvmJLLeccPQUEAgnyWfKx-vth0ZfPbMz_liNiWXpSN2eXwA9kiMrLdG9VfAr6uP6WtCHycV7jiCVs6PekTaLrqFmsgH3stQpnr6x4xjKOnhLK9AdtaXteEIEYf9Qa4-ZMOT2z_VMV9YgM42ZLN9r1d6uBgjELF7wc51etwhGPl4eODzQ6m91DtXwi2NtMOFk0DqfzKi1S0GvypDUtLwruRcfqOdDSA97sGuUO3akGKxu-pqr9ROvo7I6KY44FVu4VUDnWhgQCcowIqLPeqQVSaE9UpJ-mzr2ZtVraIUxIjB0yRp8FVLncYxcME2Ytdt_1K4_oA1bycoBj6Q7aQMpUXCo1K3FXT-XjEJ5L_9CbOyf3ps5syJAFHoyzaN4hwN1HBFSxJ3fZXBgHsbCv3SGsl62JD1LQosS2YAlC3LwX-YBojK-O6oDnwpSrjSz--lKWZYeWI9CNpbkBsNV3yg_wzqXvnUbDpDnPinwS9FQ%3D&alid=68f91d99d479c11dce0e2b68&pub=4a1b367933fd867b19b072952f68dceb&camk=xqnMBGaf-K9eQIXMkuO9mw%3D%3D&xkcb=SoAh6_M3m-k4p70zUB0FbzkdCdPP&xpse=SoCK6_I3m_fFxHgH9b0PbzkdCdPP&xfps=c607545d-0599-455a-9997-03250f7eb9f5&utm_campaign=job_alerts&utm_medium=email&utm_source=jobseeker_emails,expired,,No,,,,,Indeed,,,
Scribd,"Senior Manager, Technical Program Management",,https://ca.indeed.com/viewjob?jk=6999f72163169551&tk=1jka9k72iphju801&from=jobi2a_jobmatch-reactivation-en-CA_email&rjptk=1jka9ajlqpd1c802&xpse=SoDa67I3lMWuQ3xbpp0LbzkdCdPP&xfps=8762b643-10ff-4b89-ac40-4b25e6afc1c3&xkcb=SoBx67M3lKbeyd7L5R0DbzkdCdPP,31-Mar,"$159,000 CAD to $203,000 CAD ",No,,,,,Indeed,,49 -85,"Product, Design, & Analytics"
Manulife,AI Delivery Lead,,,06-Mar-26,,Yes,Hiring Manager,,,,Recruiter,,,
Porter Engineered Systems,Program Manager - Automotive Programs,,https://ca.indeed.com/viewjob?jk=54be85c83795ffdd&tk=1jkkod4v2ga6j802&from=jobi2a&advn=1489586110558850&adid=454017295&ad=-6NYlbfkN0AnSHYKgAIgb75mINW2-R6Ja5v_lOrf4msW-9ipmDALbTdSq1gx29LDJ03tK20EnE-U7FumTPcqDVxaFx1UhDp4wvEfrOQmjQnu87j626Tj9e-E7-kL0yw65hT9yoNmKSOiNc7kFDO0SwFmLYn8gv2Nfhc4gJJkQXX7CCZEVjL4hfdpPA85Yksv00r8dWu4CsRJyXxNeQtgZTOY-LZfaTYzn0xbXP60hNgyzZ1kLMQsHsSxLNZYCZlcQtF2H3bdQSpsDpxI0Ddg_Hr9ilbqABmdP-TzLMIsNkc8xaVecf_JlDvMEQZNrrBvzmXtmLUxAlxi2-NvNR05uZegClkSmr6dO6BS46CkRhwqMW_P9ruka7m5_3CdP2oGEtqzdyOAaDVYC5_Pp5DVx1L1JJKqNfi64myfBVxidPdFn6EhWH3kxtRW5PIgWFq-8eY10AK-FRDYW2O0fQ7wyDACs1SOTOyxx0avY_fH-rTRT77kFgg29I1glituVGvKIgC7MeszBzDfGXMRY2anR3kLQFAExufZ-TDs6-ZhgZhhtgIH3Opkr1zB527IctJjAaO1SPec1b4LxzYzXyuE5ZM_3QU2R12d8HDeKJsOwO7e6u51q0mjGfZjvVCMcSe7&pub=21d85ca573e478f5e659e48885c828920cace3277f6b99df&i2af=jobi2a_jobmatch-en-CA_email&camk=UoKtGZLa3XKTkeVDeZkfYw%3D%3D&jrtk=5-cmh1-1-1jkkod3akkq3u805-54be85c83795ffdd&xkcb=SoD76_M3lU47LP3cSB07bzkdCdPP&xpse=SoD26_I3lU_zdNygCp0PbzkdCdPP&xfps=a2af15d6-4c9f-452a-ade6-b4be3a559f22,28-Mar,,No,,,,,Indeed,,95,
Ricoh Canada,Bilingual (French and English) Project Manager (6-months Contract),,https://ca.indeed.com/viewjob?jk=8249fc24c63e3dfd&tk=1jkouedohhgj7801&from=jobi2a&advn=8167550143120970&adid=419717535&ad=-6NYlbfkN0C2YDp5k8L_L27uxASQPeAU0BnfQn4R4YScuVAlX7x9UnSjgpbyXBQpkqVPv41BaVO3MAC_1Tl-HBsr4AM1v_wb8Ns8c0CgX-j9IA-BLpcpUaLmqbBFpYxs2lfhveQnO-ZA6WMNwzaH5yhquvXDMAHp4jBToabldCWqhCYFNLD6b6Qeqm3ps7MPt4i1NF8Fw2Y9Qwb24fLJAxBJ8OCj_asQelhAX2S5TWZh4qSKOdXB0qly-PZgR9lCqDjrKXZLeUVBIXsIz3aUxZWTATe0bvQ7Z9UgNdojT1t-PMH6unOU1nR1gMMUZqtZ7FwJR_-hxRexNEZ4Ng-W2i3GprWmGzU57fsME43Pgc3YmzLvUts6Z3714SFpmfSsdb8lxwwgxQ6ZWTyNYRxBLCExJkENBctwBF3W3nADc3WfTp34zEc6y9IwRuDUmjw02ki0dZu8SrwQfsXLVHXVos2oDQJXAcqqbkkIkyBMTX8sraFizKezm9DRsDCoRDTXHgTTLLMtqL42kW2XnZBRtMce_P5kgiZyvnUM5oyz3ZD-BnZy8kq1ViQZ2LClrEOhgPU_TE6kgYz1Lc1Vi5BI_-Mc2J7Nmvia&pub=21d85ca573e478f5e659e48885c828920cace3277f6b99df&i2af=jobi2a_jobsourcer-en-CA_email&camk=f416UQcMBpBZ5K6EkbK6Qg%3D%3D&xkcb=SoBf6_M3lY02PRx-9p1dbzkdCdPP&xpse=SoDt6_I3lZZH-KSJdJ0PbzkdCdPP&xfps=86acc380-8734-4fd9-b966-5b5ffd12d365,28-Mar,$50- 60 ( 6 month contract),Yes,,,,,Indeed,,68 -83,
Fidelity Canada,Project Manager,,https://www.linkedin.com/jobs/view/4351296062/?trk=eml-email_job_alert_digest_01-primary_job_list-0-jobcard_body_0_jobid_4351296062_ssid_1738446733_fmid_19ddgc~mnbwk2z6~8m&refId=vt%2FhhV8vz2vdVX0OOmVayQ%3D%3D&trackingId=mBOxNYqP4PYd9cpulp7Lcg%3D%3D,31-Mar,$ 95 - $110,No,,,,,LinkedIn Application,,82 -100,"Over 100 people applied, applied after 2 days"
Suncor Energy,Project Manager,,https://ca.indeed.com/viewjob?jk=14168e194d71b53d&tk=1jksbjs0mgotv801&from=jobi2a&advn=3010207902921138&adid=459283428&ad=-6NYlbfkN0B5sCY929n8K2Ne3lcS12YtGtvdOaPzCKNZwIFGd5gmGp6rT5GV8kbYDnJM0rva-rSjdlSYmocsKffoWBcY0L8irVGmwigM_d-P79LYHqyC_Iugy3RgzgJxC761D_cTB3gxvsIGSCMXEWiAQLL52Z_Xdyg7ucAxd0VO9rLpg_DNLUo11OWUqV03rKJMKH3XRvtLoDYHIANSK39EaHpnNbHDUTP4KvlK9MnoDoazBRwDiORlpi3iQhhQjjf2YfrsFIRH3MQQNpPOrcq6vwV8Bq1_SjCDqU1MVB_mKB9mm7pMurirzqRbzVY1NH1ECKO6cdYuR5erJweBsRxW89JYbfZNWioDPud28JxUw8DHh5f-evCQQGRgJzEtctgkivjB-R3YeQTiml8eBaVkCsBhO-kyzlEmbUK8uefqamLq_UlHsVRjJQqRMeCCAh3on3sMntmvEQdH8Egdj5lBcHUJVy2vD74CiiQfSx6t67G8-SZynrmxuA3XQJeJw1wLQdXQNRSJfuz7wBJDQlM7_4PEJBju2q7b2jGASoif5vs20U5e5h5hhXPqn-TivLjJIXL6jhUsh1VGtNx1Dwd0gBwt6zAP05gkCd77-MfDtZhVHfm8TQ%3D%3D&pub=21d85ca573e478f5e659e48885c828920cace3277f6b99df&i2af=jobi2a_multijob-en-CA_email&camk=UoKtGZLa3XLUUUQLXTr4fQ%3D%3D&jrtk=5-cmh1-1-1jksbjqoomu7r801-14168e194d71b53d&xkcb=SoBC6_M3lcfAX5xl5B0MbzkdCdPP&xpse=SoBl6_I3ldOAsQ3Yox0PbzkdCdPP&xfps=828ccafd-8a50-4901-aeab-001b149b04e5,30-Mar,"Pay: $55,000.00-$138,000.00 per year",No,,,,,Indeed,,,
Deloitte,AI Project Manager,,https://www.linkedin.com/jobs/view/4387692145/,expired,,No,,,,,LinkedIn Application,,,
Enbridge Continent,IT Project Manager,,https://ca.indeed.com/viewjob?jk=968c652283396ec9&q=project+manager&l=Greater+Toronto+Area%2C+ON&tk=1jktkqnt720h102m&from=ja&alid=68f91d99d479c11dce0e2b68&g1tAS=true&xpse=SoBR67I3litBND3zap0LbzkdCdPP&xfps=51c006f5-c9bc-47aa-bee4-e464bd07e87f&utm_campaign=job_alerts&utm_medium=email&utm_source=jobseeker_emails&rgtk=1jktkqnt720h102m&xkcb=SoCU67M3ldhkz3BZnD0PbzkdCdPP,2026-03-31,contract,No,,,,,Indeed,,76 - 97,
City of Toronto,Project Manager,,https://www.linkedin.com/jobs/search/?currentJobId=4390956358&f_C=163087&originToLandingJobPostings=4390956358%2C4378829860%2C4384250921%2C4387949764&trk=d_flagship3_company,03/04/2026,,No,,,,,LinkedIn Application,,66 -83,
Nets International,Project Manager,,https://ca.indeed.com/viewjob?jk=162130bc2196f595&q=project+manager&l=Greater+Toronto+Area%2C+ON&tk=1jjkncr7vjlrf800&from=ja&alid=68f91d99d479c11dce0e2b68&g1tAS=true&xpse=SoDt67I3lrDN4nAcfr0LbzkdCdPP&xfps=52ee5e80-4fa5-4a9e-bd86-4ceff4589bff&utm_campaign=job_alerts&utm_medium=email&utm_source=jobseeker_emails&rgtk=1jjkncr7vjlrf800&xkcb=SoCc67M3m0m8pRWB3x0ObzkdCdPP,04-Apr,,No,,,,,Indeed,,62 -89,
Hour Consulting,Digital PM,,https://ca.indeed.com/viewjob?jk=70b3a7205e5daa13&tk=1jlggb0oqpf68800&from=jobi2a&advn=2405934803335092&adid=460079528&ad=-6NYlbfkN0BH2NOGd_pO0-K6GCTAGMnPBmbZ89-jWNS2Aiy_xmFVedhXTe2zHo5bgC1Rk9rteNH_AKGqsz_47OjnStyL5L7CL1um-XkdcPwvAYxjmccEaRTIZHmxATOwwmmFaMrFIfLfC7xYqZGLd9SwPaQKCLe1WPXmnoJSEVAb1U2RK9Gv_yc9HP55-qPDIymaJSTrzoyTVtn8wiLABpMTOdNmWq1vgvv6-ih-xXqsZf13lS-Dg8ewFxeZC5wr1SQcQ5XWW8Gsrd1r4UmhL8Se74nnlf2-kQ_FJ6BLgLKEap4alybCsGjFQLKgHTFIc8NuyxfLclEFgH5iQoAoRtes6ga0F-dpUIyq8UxkTT3VbjPj3dhxC9fExF_itSt2z-zYL6HYDVVXaMAe6yeFZ6NaV_w9uwJAhJYy_POOVTTWgbFp1evOr2cKbQoYfCL9TJRJQ4PiLWWQx_tNIXzpqFThHKjCMapa2S5b3eoqSp87UUvUKWZFrQ9Q1fXG_TvUVcurRAz7YcjX1z_J0AXpCk9FGwSGXkfYtw-XRgGyYSvZf0RFmhy1nv5BRxy3c7Am0iAz4-ZQ6fPdW6e-ZZTwJQ%3D%3D&pub=21d85ca573e478f5e659e48885c828920cace3277f6b99df&i2af=jobi2a_jobsourcer-en-CA_email&camk=C3EPSzFlQw_b0ldBkPo2RQ%3D%3D&xkcb=SoDQ6_M3lwojmhWPWp0zbzkdCdPP&xpse=SoAb6_I3l1vMtGSDpZ0NbzkdCdPP&xfps=7f98fd7d-05d2-4d69-a100-5d873be9a3f8,,$ 95 - 115,No,,,,,Indeed,,,
CGI,Sr TehnICAL PROJECT MANAGER,,https://www.linkedin.com/jobs/collections/recommended/?currentJobId=4389414936,04-Sep,,No,,,,,LinkedIn Application,,78 -98,already 100+ people applied withib 2 weeks
Deloitte ,Technical Delivery Manager,,https://www.linkedin.com/jobs/collections/recommended/?currentJobId=4395349519,expired,$ 72 - 108,No,,,,,LinkedIn Application,,61 - 90,
Serve Robotics,IT Project Manager,,https://ca.indeed.com/viewjob?jk=5be8a70b177a5589&q=project+manager&l=Greater+Toronto+Area%2C+ON&tk=1jlprq2fagiac800&from=ja&alid=68f91d99d479c11dce0e2b68&g1tAS=true&xpse=SoDJ67I3l6GTP8xUDJ0LbzkdCdPP&xfps=af59a998-2788-4abb-b78e-a0f1c6eac4c4&utm_campaign=job_alerts&utm_medium=email&utm_source=jobseeker_emails&rgtk=1jlprq2fagiac800&xkcb=SoBf67M3l5_ns31Y2Z0JbzkdCdPP,09-Apr,$104K - $135K,No,,,,,Indeed,,52 - 84,
Recrute Action,Senior Project Manager,,https://ca.indeed.com/viewjob?jk=acd1eaf51855f11a&q=project%20manager&l=Greater%20Toronto%20Area%2C%20ON&tk=1jlndbtjugiac800&from=ja&advn=9506564102705646&adid=423281277&ad=-6NYlbfkN0Dt1Z86pJ8ar3RoKPyr88Oz5aqTwR4iHRrRmKHK8Bf9qDEB3ruaE_J4TwFU533dU_LR40pK2fHBLG5jAuUyQ-YCu6TwHPgEo3xLUhE8em5YdgYCfykf6JSmG2T5q2iHfeh-GOgHudflx1NJ1joeBFi3UfW1L9UZ9XKrxbcvyMGZGOGB2pQQi2iaLWHGoCmsYqtTh1qVnUca2aj2O7wHJAGEhnZ-WsotbxZuqjU5kAt2pJiMoE9VRUOL4_v5-xqiE5EFOsfmkQQb5x_crT5V4Kuch8mJyhI5vjXUlvFKv--KRVcbgxMYNkpVkqmhFA8r97sOpPGfcI4ypLhqQS3J4JBDd9a3MUYLkUjQBgjpWka9TVcI3XElLkKqqHqISg3ZYumSAyvktpaQzpeHOE0kr0oQaeBqZXjgGUmc8RJbAKurOhB-leEbEhPdvL4uyKlbfEd_PxxSeu-v7tW3v28eWEf6tWPVIIiL4DErYtMM5X_WvyABN_6xL71mb-Yle8WqUtbec5mKyt3bf9_lZESkG3_KAxiMUvXmFwkg8iHcnzDagkyS8j9U21h-Je2IdCPAV9k%3D&alid=68f91d99d479c11dce0e2b68&pub=4a1b367933fd867b19b072952f68dceb&camk=4HOcmqOLYrBv4UQ-4fhKNw%3D%3D&xkcb=SoDi6_M3l3SgDxaMDh0pbzkdCdPP&xpse=SoDh6_I3l6QNMZ0RmB0NbzkdCdPP&xfps=7b20187d-0a44-4dc4-b940-86973a04ef2c&utm_campaign=job_alerts&utm_medium=email&utm_source=jobseeker_emails,10-Apr,$60-67 per hour.,No,,,,,Indeed,,58 -100,
RBCX,"Senior Technical Program Manager, AI",,https://www.linkedin.com/jobs/collections/similar-jobs/?currentJobId=4399856229&origin=BYV_SIMILAR_JOBS_IN_APP_NOTIFICATION&originToLandingJobPostings=4399856229&referenceJobId=4387164515,12-Apr,,Yes,Hiring Manager,,,,LinkedIn Application,,59 - 100,
Cossette,Project Manager,,https://ca.indeed.com/viewjob?jk=9d7829fa2a47fda6&q=project+manager&l=Greater+Toronto+Area%2C+ON&tk=1jm6tflf8gdat800&from=ja&alid=68f91d99d479c11dce0e2b68&g1tAS=true&xpse=SoAg67I3kHPfQA3qS50LbzkdCdPP&xfps=f847e093-0a6d-4c05-962e-c3410cd1fcf6&utm_campaign=job_alerts&utm_medium=email&utm_source=jobseeker_emails&rgtk=1jm6tflf8gdat800&xkcb=SoAA67M3kGyxH8g3ND0JbzkdCdPP,14-Apr,70 - 90K,No,,,,,Indeed,,61 -100,
CIHI,SR Project Coordinator,,https://ca.indeed.com/viewjob?jk=fc339ac18fd2fa04&q=project+manager&l=Greater+Toronto+Area%2C+ON&tk=1jm6tflf8gdat800&from=ja&alid=68f91d99d479c11dce0e2b68&g1tAS=true&xpse=SoDJ67I3kHXSkmzb1Z0LbzkdCdPP&xfps=0a92bf20-591b-4a34-b222-6356df2354cf&utm_campaign=job_alerts&utm_medium=email&utm_source=jobseeker_emails&rgtk=1jm6tflf8gdat800&xkcb=SoAT67M3kGyxH8g3ND0NbzkdCdPP,,,No,,,,,Indeed,,65 -97,
CareRX Pharmacy,Project Manager,,https://ca.indeed.com/viewjob?jk=34753ad0f65db609&q=project%20manager&l=Greater%20Toronto%20Area%2C%20ON&tk=1jm6tflf8gdat800&from=ja%2CiaBackPress&alid=68f91d99d479c11dce0e2b68&g1tAS=true&xpse=SoD767I3kHXlbPA9vb0LbzkdCdPP&xfps=c2e5483a-6da4-490e-b955-5013de882a89&utm_campaign=job_alerts&utm_medium=email&utm_source=jobseeker_emails&rgtk=1jm6tflf8gdat800&xkcb=SoBO67M3kGyxH8g3ND0DbzkdCdPP,,90 - 100k,No,,,,,Indeed,,,
Alquemy Search & Consulting,IT Project Manager,,https://www.linkedin.com/jobs/search/?alertAction=viewjobs&currentJobId=4401133110&distance=25&f_TPR=a1776659398-&geoId=105149290&keywords=project%20Manager&origin=JOB_ALERT_IN_APP_NOTIFICATION&originToLandingJobPostings=4404040639%2C4401133110%2C4351296062%2C4372035337%2C4404016475%2C4402582513&savedSearchId=15009695340&sortBy=R,22-Apr,105-115 K,No,,,,,LinkedIn Application,,,
RAVL,"Delivery Lead, AI Platform Design",,https://www.linkedin.com/jobs/search/?alertAction=viewjobs&currentJobId=4404016475&distance=25&f_TPR=a1776659398-&geoId=105149290&keywords=project%20Manager&origin=JOB_ALERT_IN_APP_NOTIFICATION&originToLandingJobPostings=4404040639%2C4401133110%2C4351296062%2C4372035337%2C4404016475%2C4402582513&savedSearchId=15009695340&sortBy=R,23-Apr,,No,,,,,LinkedIn Application,,,
Coca cola,Project Manager,,https://ca.indeed.com/viewjob?jk=d84747d7ecd0dde7&q=project+manager&l=Greater+Toronto+Area%2C+ON&tk=1jmoubiqugdat800&from=ja&alid=68f91d99d479c11dce0e2b68&g1tAS=true&xpse=SoCl67I3kZoBbmwEJR0LbzkdCdPP&xfps=c5294b2c-5ba1-491d-ae59-029b9eb2da89&utm_campaign=job_alerts&utm_medium=email&utm_source=jobseeker_emails&rgtk=1jmoubiqugdat800&xkcb=SoC_67M3kY0htS6WLR0LbzkdCdPP,27-Apr,108 -150K,No,,,,,Indeed,,,
Alimentiv,Software Project Manager,,https://ca.indeed.com/viewjob?jk=be03cb6f549f5fc2&q=project+manager&l=Greater+Toronto+Area%2C+ON&tk=1jn8bgiu2gdat800&from=ja&alid=68f91d99d479c11dce0e2b68&g1tAS=true&xpse=SoDd67I3koufHDAHiD0LbzkdCdPP&xfps=59c5dab5-4a22-4e1d-922f-35263eddcc04&utm_campaign=job_alerts&utm_medium=email&utm_source=jobseeker_emails&rgtk=1jn8bgiu2gdat800&xkcb=SoAZ67M3kofNtNW5qx0JbzkdCdPP,27-Apr,"$89,000–$148,000 a year - Permanent, Full-time",No,,,,,Indeed,,,
Current Scientific Corporation,Development Project Manager,,https://ca.indeed.com/viewjob?jk=4ef57ed554748c35&tk=1jndepgvcph97801&from=jobi2a&advn=6169619722163944&adid=460968074&ad=-6NYlbfkN0A90q11PmdWSf39lnBcjWu_QGZHJrC3W5sMkZ-nzj6hwwIaeKHGBtV1fLA-s0ANonn2AX4-K7I_G8qF7JV8bRBM5xYqH8UKcEBIYpvmvO-okL3l_nWkvFZKdh0KDGgOjSuoN4FEnM2mpU-SEv5XoLm6y6PHOcT8NuY72K1exNDmKdaQF4f5EFEWi_HDjV5ypCNACq5ac16xXyXuIGNU9vFpJ2zsvlzn25fe6tFvT1wtm3b8wcLirc5A_Lrt4FQovXFbDbaNhkWAvTgQSCk7RvxnMw_f2mDbubBaG2rZ9BBUj5cNLC_Kp0P19jimfxODd-Ugjjh9sjwjt7xoAow2zfmzr7eDibtRurfseS_qhoQWOn_vHUNB0Z0mgrw7P-vo0I8l6Hzzsr5No3r7ERBMRwHnY1dWKpDDavX18JRfFXkicQ6pBimQotMniBUeI5DRrQhZMMcUxOq4APWoM2s_EjIT-FeavLn956gxJFMZr9DtwTvrKSFIe9neYPC-IBSABZbdd5RCBQScpJm0IDWlzpjG8rMbBGKPzDplJNLjR5BsXXkYuknz-Dl8J6lleUZjGwAJO9G96Zf_vCJa2A_6W6-_gVGieZWWFGdy1ndV663NN0u2fve-8oKx&pub=21d85ca573e478f5e659e48885c828920cace3277f6b99df&i2af=jobi2a_jobmatch-en-CA_email&camk=C3EPSzFlQw-ZYs-iyHs03A%3D%3D&jrtk=5-cmh1-1-1jndepfulkglf807-4ef57ed554748c35&xkcb=SoAn6_M3ktVpgZ1fTR0BbzkdCdPP&xpse=SoBF6_I3ktnl7fwpSp0PbzkdCdPP&xfps=b6edd8e9-3941-4db8-ba24-1cf55c09058c,30-Apr,"$85,000–$105,000 a year - Full-time",No,,,,,Indeed,,75 -91,
